{
  "configGroup": [
    {
      "configGroupName": "Add New Disk to vSphere virtual machine",
      "configGroupCode": "Add New Disk to vSphere virtual machine",
      "configGroupSequence": 0,
      "visibilityRules": [],
      "configs": [
        {
          "configId": "diskSize",
          "hidden": false,
          "isRequired": true,
          "editable": true,
          "configName": "Disk Size (GB)",
          "binding": "diskSize",
          "default": {
            "valueId": "1",
            "value": "1",
            "label": "1"
          },
          "description": "The desired disk size in GB. It's only required while adding disk",
          "dataType": "integer",
          "inputType": "freetext",
          "sequence": 1,
          "errorMessage": "Must be a number",
          "validation": "^[1-9][0-9]*$",
          "derives": []
        },
        {
          "configId": "diskType",
          "hidden": false,
          "isRequired": true,
          "editable": true,
          "configName": "Disk Type",
          "binding": "diskType",
          "default": {
            "valueId": "thick",
            "value": "thick",
            "label": "Thick"
          },
          "description": "Type of the disk",
          "dataType": "string",
          "inputType": "selectOne",
          "values": [
            {
              "valueId": "thin",
              "value": "thin",
              "label": "Thin"
            },
            {
              "valueId": "thick",
              "value": "thick",
              "label": "Thick"
            },
            {
              "valueId": "eagerzeroedthick",
              "value": "eagerzeroedthick",
              "label": "Eager Zeroed Thick"
            }
          ],
          "sequence": 2,
          "errorMessage": "Select one of the values.",
          "validation": "",
          "derives": []
        },
        {
          "configId": "datastore",
          "hidden": false,
          "isRequired": true,
          "editable": true,
          "configName": "Datastore",
          "binding": "datastore",
          "default": {
            "valueId": "",
            "value": "",
            "label": ""
          },
          "description": "datastore in which disk should be created",
          "dataType": "string",
          "inputType": "freetext",
          "sequence": 3,
          "errorMessage": "Must consist of lowercase letters or Uppercase letters, can consist of Numbers, other characters like hyphen, underscore and space are allowed in the middle of the string",
          "validation": "^[a-zA-Z]([a-zA-Z0-9][_ -]?)*[^_ -]$",
          "derives": []
        },
        {
          "configId": "scsiType",
          "hidden": false,
          "isRequired": true,
          "editable": true,
          "configName": "ScsiType",
          "binding": "scsiType",
          "default": {
            "valueId": "paravirtual",
            "value": "paravirtual",
            "label": "Paravirtual"
          },
          "description": "ScsiType for the disk",
          "dataType": "string",
          "inputType": "selectOne",
          "values": [
            {
              "valueId": "buslogic",
              "value": "buslogic",
              "label": "BUS Logic"
            },
            {
              "valueId": "lsilogic",
              "value": "lsilogic",
              "label": "LSI Logic"
            },
            {
              "valueId": "lsilogicsas",
              "value": "lsilogicsas",
              "label": "LSI Logic SAS"
            },
            {
              "valueId": "paravirtual",
              "value": "paravirtual",
              "label": "Paravirtual"
            }
          ],
          "sequence": 4,
          "errorMessage": "Select one of the values",
          "validation": "",
          "derives": []
        },
        {
          "configId": "scsi_controller",
          "hidden": false,
          "isRequired": true,
          "editable": true,
          "configName": "Scsi Controller",
          "binding": "scsiController",
          "default": {
            "valueId": "",
            "value": "",
            "label": ""
          },
          "description": "SCSI controller of the disk",
          "dataType": "integer",
          "inputType": "freetext",
          "sequence": 5,
          "errorMessage": "Must be a number ranges from 0 to 3",
          "validation": "^[0-3]?$",
          "derives": []
        },
        {
          "configId": "unit_number",
          "hidden": false,
          "isRequired": true,
          "editable": true,
          "configName": "unit Number",
          "binding": "unitNumber",
          "default": {
            "valueId": "",
            "value": "",
            "label": ""
          },
          "description": "The unit number of the disk",
          "dataType": "integer",
          "inputType": "freetext",
          "sequence": 6,
          "errorMessage": "Must be a number ranges from 0 to 15",
          "validation": "^[0-9][0-5]?$",
          "derives": []
        },
        {
          "configId": "datacenterName",
          "hidden": false,
          "isRequired": true,
          "editable": true,
          "configName": "DatacenterName",
          "binding": "datacenterName",
          "default": {
            "valueId": "",
            "value": "",
            "label": ""
          },
          "description": "datacenter Name where the VM is present",
          "dataType": "string",
          "inputType": "freetext",
          "sequence": 7,
          "derives": []
        }
      ]
    }
  ],
  "isExternalConfiguration": false,
  "externalConfigurationUrl": "",
  "basicAuthInfo": "Basic Abcd",
  "actionConfigurationVersion": {
    "id": "1.0.0.0",
    "label": "1.0.0.0"
  }
}