[{"_id":"OS_9f2c2399-5b9b-4b3a-9dce-31e3c886a9bb","id":"OS_9f2c2399-5b9b-4b3a-9dce-31e3c886a9bb","serviceId":"9f2c2399-5b9b-4b3a-9dce-31e3c886a9bb","offer":{"name":"OFFER_OS_9f2c2399-5b9b-4b3a-9dce-31e3c886a9bb","configValues":[]},"pricingfn":{"resource_path":"fn:getPrice()","params":[]},"price":{"recurringCharge":{"frequency":{"value":0},"value":0},"usageCharge":{"uom":{"value":0},"frequency":{"value":0},"value":0},"oneTimeCharge":0},"basePrice":false,"attributes":[],"__v":0},{"_id":"OS_BASE_9f2c2399-5b9b-4b3a-9dce-31e3c886a9bb","id":"OS_BASE_9f2c2399-5b9b-4b3a-9dce-31e3c886a9bb","serviceId":"9f2c2399-5b9b-4b3a-9dce-31e3c886a9bb","offer":{"name":"OFFER_OS_BASE_9f2c2399-5b9b-4b3a-9dce-31e3c886a9bb","configValues":[]},"price":{"oneTimeCharge":0,"description":"There is no cost available for this service.","usageCharge":{"uom":{"value":1,"code":"Size"},"frequency":{"value":1,"code":"MONTH"},"value":0},"currencyCode":"USD","recurringCharge":{"frequency":{"value":0},"value":0}},"basePrice":true,"attributes":[],"__v":0}]