[{"_id":"65324434e7c0c0179f8ab821","id":"AWS_Cassandra_Table","__v":0,"priceTemplate":{"parameters":{"_location":{"type":"string","config":"AWS::Region","default":"us-east-1"},"Mode":{"type":"string","config":"Mode","default":"ON_DEMAND"}},"resourceOperations":{"getAWSPrice":{"parameter":"${param}"}},"variables":{"productFamily":"function(Mode){ if(Mode =='ON_DEMAND') {return 'PayPerRequest Throughput'}else{return 'Provisioned IOPS'}}(${Mode})","param":"(function(_location,productFamily){return [{'location':_location,'volumeType':'AmazonMCS - Indexed DataStore','offercode':'AmazonMCS','productfamily':'Database Storage'},{'location':_location,'group':'MCS-ReadUnits','offercode':'AmazonMCS','productfamily':productFamily},{'location':_location,'group':'MCS-WriteUnits','offercode':'AmazonMCS','productfamily':productFamily}]})(${_location}, ${productFamily})"},"output":{"priceResponse":"${getAWSPrice}"}}},{"_id":"65324434e7c0c0179f8ab828","id":"AWS_RDS_DBInstance","__v":0,"priceTemplate":{"parameters":{"_location":{"type":"string","config":"AWS::Region","default":"us-east-1"},"DBInstanceClass":{"type":"string"},"MultiAZ":{"type":"boolean","default":"false"},"LicenseModel":{"type":"string","default":""},"Engine":{"type":"string"},"Iops":{"type":"number","default":"-1"},"StorageType":{"type":"string","default":"standard"}},"resourceOperations":{"getAWSPrice":{"parameter":"${param}"}},"variables":{"getValidStorageType":"(function(Iops, StorageType){ if (Iops == '' || Iops === '-1' ) return StorageType; else return 'io1';})(${Iops},${StorageType})","param":"(function(_location,DBInstanceClass,MultiAZ,LicenseModel,Engine,StorageType){return [{'location':_location,'dbInstanceClass':DBInstanceClass,'multiAZ':MultiAZ,'databaseEngine':Engine,'licenseModel':LicenseModel,'offercode':'AmazonRDS','productfamily':'Database+Instance'},{'databaseEngine':Engine,'storageType':StorageType,'location':_location,'multiAZ':MultiAZ,'offercode':'AmazonRDS','productfamily':'Database+Storage'},{'location':_location,'multiAZ':MultiAZ,'databaseEngine':Engine,'storageType':StorageType,'offercode':'AmazonRDS','productfamily':'Provisioned+IOPS'},{'location':_location,'databaseEngine':Engine,'offercode':'AmazonRDS','productfamily':'Storage+Snapshot'},{'location':_location,'databaseEngine':Engine,'offercode':'AmazonRDS','productfamily':'System+Operation'}]})(${_location},${DBInstanceClass},${MultiAZ},${LicenseModel},${Engine},${getValidStorageType})"},"output":{"priceResponse":"${getAWSPrice}"}}},{"_id":"65324434e7c0c0179f8ab8c5","id":"AWS_CertificateManager_Certificate","__v":0,"priceTemplate":{"parameters":{"_location":{"type":"string","config":"AWS::Region","default":"us-east-1"}},"resourceOperations":{"getAWSPrice":{"parameter":"${param}"}},"variables":{"param":"(function(_location){return [{'location':_location,'group':'Certificate-Authority-Free','offercode':'AWSCertificateManager','productfamily':'AWS+Certificate+Manager'},{'location':_location,'group':'Certificate-Issued','offercode':'AWSCertificateManager','productfamily':'AWS+Certificate+Manager'},{'location':_location,'group':'Certificate-Authority-Paid','offercode':'AWSCertificateManager','productfamily':'AWS+Certificate+Manager'}]})(${_location})"},"output":{"priceResponse":"${getAWSPrice}"}}},{"_id":"65324434e7c0c0179f8ab8cb","id":"AWS_CloudTrail_Trail","__v":0,"priceTemplate":{"parameters":{"_location":{"type":"string","config":"AWS::Region","default":"us-east-1"}},"resourceOperations":{"getAWSPrice":{"parameter":"${param}"}},"variables":{"param":"(function(_location){ return [{'location':_location,'offercode':'AWSCloudTrail','productfamily':'Management+Tools+-+AWS+CloudTrail+Paid+Events+Recorded'},{'location':_location,'offercode':'AWSCloudTrail','productfamily':'Management+Tools+-+AWS+CloudTrail+Data+Events+Recorded'}]})(${_location})"},"output":{"priceResponse":"${getAWSPrice}"}}},{"_id":"65324435e7c0c0179f8ab922","id":"AWS_DynamoDB_Table","__v":0,"priceTemplate":{"parameters":{"_location":{"type":"string","config":"AWS::Region","default":"us-east-1"}},"resourceOperations":{"getAWSPrice":{"parameter":"${param}"}},"variables":{"param":"(function(_location){return [{'location':_location,'volumeType': 'Amazon DynamoDB - Indexed DataStore','offercode':'AmazonDynamoDB','productfamily':'Database+Storage'},{'location':_location,'group': 'DDB-ReadUnits','offercode':'AmazonDynamoDB','productfamily':'Provisioned+IOPS'},{'location':_location,'group': 'DDB-WriteUnits','offercode':'AmazonDynamoDB','productfamily':'Provisioned+IOPS'}]})(${_location},${_location})"},"output":{"priceResponse":"${getAWSPrice}"}}},{"_id":"65324435e7c0c0179f8ab92a","id":"AWS_DocDB_DBInstance","__v":0,"priceTemplate":{"parameters":{"_location":{"type":"string","config":"AWS::Region","default":"us-east-1"},"DBInstanceClass":{"type":"string","config":"DBInstanceClass","default":"db.t3.medium"}},"resourceOperations":{"getAWSPrice":{"parameter":"${param}"}},"variables":{"param":"(function(_location, DBInstanceClass){return [{'location':_location,'instanceType':DBInstanceClass,'offercode':'AmazonDocDB','productfamily':'Database+Instance'},{'location':_location,'offercode':'AmazonDocDB','productfamily':'Database+Storage'},{'location':_location,'offercode':'AmazonDocDB','productfamily':'Storage+Snapshot'},{'location':_location,'offercode':'AmazonDocDB','productfamily':'System+Operation'}]})(${_location}, ${DBInstanceClass})"},"output":{"priceResponse":"${getAWSPrice}"}}},{"_id":"65324435e7c0c0179f8aba16","id":"AWS_ECR_Repository","__v":0,"priceTemplate":{"parameters":{"_location":{"type":"string","config":"AWS::Region","default":"us-east-1"}},"resourceOperations":{"getAWSPrice":{"parameter":"${param}"}},"variables":{"param":"(function(_location){return [{'location':_location,'offercode':'AmazonECR','productfamily':'EC2+Container+Registry'}]})(${_location})"},"output":{"priceResponse":"${getAWSPrice}"}}},{"_id":"65324435e7c0c0179f8aba2a","id":"AWS_ECS_Service","__v":0,"priceTemplate":{"parameters":{"_location":{"type":"string","config":"AWS::Region","default":"us-east-1"},"LaunchType":{"type":"string","config":"LaunchType","default":"EC2"}},"resourceOperations":{"getAWSPrice":{"parameter":"${param}"}},"variables":{"param":"(function(_location,LaunchType){return [{'location':_location,'usagetype':LaunchType,'offercode':'AmazonECS','productfamily':'Compute'},{'location':_location,'usagetype':LaunchType,'offercode':'AmazonECS','productfamily':'Compute'}]})(${_location},${LaunchType})"},"output":{"priceResponse":"${getAWSPrice}"}}},{"_id":"65324435e7c0c0179f8aba43","id":"AWS_EC2_Instance","__v":0,"priceTemplate":{"parameters":{"_location":{"type":"string","config":"AWS::Region","default":"us-east-1"},"InstanceType":{"type":"string","default":"m1.small"},"_operatingSystem":{"type":"string","config":"ImageId","default":"Linux"},"Tenancy":{"type":"string","default":"default"},"CPUCredits":{"type":"string","default":"standard"}},"resourceOperations":{"getAWSPrice":{"parameter":"${param}"}},"variables":{"unlimitedInstance":"function(CPUCredits){ if(CPUCredits =='unlimited') {return 'T2'}else{return 'NA'}}(${CPUCredits})","param":"(function(_location, InstanceType, _operatingSystem, Tenancy, unlimitedInstance){return [{'location':_location,'operatingSystem':_operatingSystem,'instance':unlimitedInstance,'offercode':'AmazonEC2','productfamily':'CPU+Credits'},{'location':_location,'instanceType':InstanceType,'licenseModel':'No License required','operatingSystem':_operatingSystem,'preInstalledSw':'NA','tenancy':Tenancy,'capacityStatus':'Used','offercode':'AmazonEC2','productfamily':'Compute+Instance'}]})(${_location}, ${InstanceType}, ${_operatingSystem}, ${Tenancy}, ${unlimitedInstance})"},"output":{"priceResponse":"${getAWSPrice}"}}},{"_id":"65324435e7c0c0179f8abbc8","id":"AWS_KinesisFirehose_DeliveryStream","__v":0,"priceTemplate":{"parameters":{"_location":{"type":"string","config":"AWS::Region","default":"us-east-1"}},"resourceOperations":{"getAWSPrice":{"parameter":"${param}"}},"variables":{"param":"(function(_location){return [{'location':_location, 'offercode':'AmazonKinesisFirehose', 'productfamily':'Kinesis+Firehose', 'group':'Batch Processing', 'description':'Per GB of data ingested'}]})(${_location})"},"output":{"priceResponse":"${getAWSPrice}"}}},{"_id":"65324435e7c0c0179f8abbda","id":"AWS_KMS_Key","__v":0,"priceTemplate":{"parameters":{"_location":{"type":"string","config":"AWS::Region","default":"us-east-1"}},"resourceOperations":{"getAWSPrice":{"parameter":"${param}"}},"variables":{"param":"(function(_location){ return [{'location':_location,'offercode':'awskms','productfamily':'Encryption+Key'}]})(${_location})"},"output":{"priceResponse":"${getAWSPrice}"}}},{"_id":"65324435e7c0c0179f8abbec","id":"AWS_Lambda_Function","__v":0,"priceTemplate":{"parameters":{"_location":{"type":"string","config":"AWS::Region","default":"us-east-1"}},"resourceOperations":{"getAWSPrice":{"parameter":"${param}"}},"variables":{"param":"(function(_location){return [{'location':_location,'group':'AWS-Lambda-Duration','offercode':'AWSLambda','productfamily':'Serverless'},{'location':_location,'group':'AWS-Lambda-Requests','offercode':'AWSLambda','productfamily':'Serverless'}]})(${_location})"},"output":{"priceResponse":"${getAWSPrice}"}}},{"_id":"65324435e7c0c0179f8abbfd","id":"AWS_AmazonMQ_Broker","__v":0,"priceTemplate":{"parameters":{"_location":{"type":"string","config":"AWS::Region","default":"us-east-1"},"DeploymentMode":{"type":"string","config":"DeploymentMode","default":"SINGLE_INSTANCE"},"HostInstanceType":{"type":"string","config":"HostInstanceType","default":"mq.t2.micro"}},"resourceOperations":{"getAWSPrice":{"parameter":"${param}"}},"variables":{"MappedRegion":"function(_location){ if(_location =='ap-northeast-1') {return 'APN1'}else if(_location =='ap-northeast-2'){return 'APN2'}else if(_location =='ap-northeast-3'){return 'APN3'}else if(_location =='ap-southeast-1'){return 'APS1'}else if(_location =='ap-southeast-2'){return 'APS2'}else if(_location =='ap-south-1'){return 'APS3'}else if(_location =='ca-central-1'){return 'CAN1'}else if(_location =='eu-central-1'){return 'EUC1'}else if(_location =='eu-west-1'){return 'EU'}else if(_location =='eu-west-2'){return 'EUW2'}else if(_location =='eu-west-3'){return 'EUW3'}else if(_location =='sa-east-1'){return 'SAE1'}else if(_location =='us-east-1'){return 'USE1'}else if(_location =='us-east-2'){return 'USE2'}else if(_location =='us-west-1'){return 'USW1'}else if(_location =='us-west-2'){return 'USW2'}else if(_location =='eu-north-1'){return 'EUN1'}}(${_location})","deploymentOption":"function(DeploymentMode){ if(DeploymentMode =='ACTIVE_STANDBY_MULTI_AZ') {return 'Multi-AZ'}else{return 'Single-AZ'}}(${DeploymentMode})","usageType":"function(MappedRegion,deploymentOption,HostInstanceType){ return MappedRegion+'-'+deploymentOption+'Usage:'+HostInstanceType }(${MappedRegion},${deploymentOption},${HostInstanceType})","param":"(function(_location, deploymentOption, usageType){return [{'location':_location,'usagetype':usageType,'offercode':'AmazonMQ','productfamily':'Broker+Instances'},{'location':_location,'deploymentOption':'Multi-AZ','offercode':'AmazonMQ','productfamily':'Broker+Storage'}]})(${_location}, ${deploymentOption}, ${usageType})"},"output":{"priceResponse":"${getAWSPrice}"}}},{"_id":"65324435e7c0c0179f8abc03","id":"AWS_MSK_Cluster","__v":0,"priceTemplate":{"parameters":{"_location":{"type":"string","config":"AWS::Region","default":"us-east-1"},"InstanceType":{"type":"string","config":"InstanceType","default":"kafka.m5.large"},"VolumeSize":{"type":"number","config":"VolumeSize","default":100},"NumberOfBrokerNodes":{"type":"number","config":"NumberOfBrokerNodes","default":2}},"resourceOperations":{"getAWSPrice":{"parameter":"${param}"},"getAWSPriceLineItem":{"sku":"${skuResponse}","generateLineItem":"true"}},"variables":{"computeFamily":"function(InstanceType){ return InstanceType.substring(InstanceType.indexOf('.')+1);}(${InstanceType})","param":"(function(location, computeFamily, VolumeSize, NumberOfBrokerNodes){return [{'location':location,'computeFamily':computeFamily,'offercode':'AmazonMSK','productfamily':'Managed Streaming for Apache Kafka (MSK)','_quantity':NumberOfBrokerNodes},{'location':location,'storageFamily':'GP2','offercode':'AmazonMSK','productfamily':'Managed Streaming for Apache Kafka (MSK)','_quantity':VolumeSize}]})(${_location}, ${computeFamily}, ${VolumeSize}, ${NumberOfBrokerNodes})","skuResponse":"${getAWSPrice}"},"output":{"priceResponse":"${getAWSPriceLineItem}"}}},{"_id":"65324435e7c0c0179f8abc0b","id":"AWS_Neptune_DBInstance","__v":0,"priceTemplate":{"parameters":{"_location":{"type":"string","config":"AWS::Region","default":"us-east-1"},"DBInstanceClass":{"type":"string","config":"DBInstanceClass"}},"resourceOperations":{"getAWSPrice":{"parameter":"${param}"}},"variables":{"param":"(function(_location, DBInstanceClass){return [{'location':_location,'instanceType':DBInstanceClass,'offercode':'AmazonNeptune','productfamily':'Database+Instance'},{'location':_location,'offercode':'AmazonNeptune','productfamily':'Database+Storage'},{'location':_location,'offercode':'AmazonNeptune','productfamily':'Storage+Snapshot'},{'location':_location,'offercode':'AmazonNeptune','productfamily':'System+Operation'}]})(${_location}, ${DBInstanceClass})"},"output":{"priceResponse":"${getAWSPrice}"}}},{"_id":"65324435e7c0c0179f8abd65","id":"AWS_S3_Bucket","__v":0,"priceTemplate":{"parameters":{"_location":{"type":"string","config":"AWS::Region","default":"us-east-1"}},"resourceOperations":{"getAWSPrice":{"parameter":"${param}"}},"variables":{"param":"(function(location){return [{'location':location,'volumeType':'Standard','offercode':'AmazonS3','productfamily':'Storage'}]})(${_location})"},"output":{"priceResponse":"${getAWSPrice}"}}},{"_id":"65324435e7c0c0179f8abd78","id":"AWS_SNS_Topic","__v":0,"priceTemplate":{"parameters":{"_location":{"type":"string","config":"AWS::Region","default":"us-east-1"}},"resourceOperations":{"getAWSPrice":{"parameter":"${param}"}},"variables":{"param":"(function(_location){ return [{'location':_location,'offercode':'AmazonSNS','productfamily':'API+Request'}]})(${_location})"},"output":{"priceResponse":"${getAWSPrice}"}}},{"_id":"65324435e7c0c0179f8abd8a","id":"AWS_SQS_Queue","__v":0,"priceTemplate":{"parameters":{"_location":{"type":"string","config":"AWS::Region","default":"us-east-1"},"FifoQueue":{"type":"boolean","default":"false"},"QueueName":{"type":"string"}},"resourceOperations":{"getAWSPrice":{"parameter":"${param}"}},"variables":{"checkQueueNameSuffix":"(function(queueName){ if(typeof(queueName) == 'string') return queueName.split('.').pop(); else return '' })(${QueueName})","resolveQueueType":"(function(typeOfQueue,queueNameSuffix) { if(queueNameSuffix == 'fifo') { return 'FIFO (first-in, first-out)'} else if((typeof(typeOfQueue) == 'boolean' && typeOfQueue) || (typeof(typeOfQueue) == 'string' && typeOfQueue.toLowerCase() == 'true') ){ return 'FIFO (first-in, first-out)'} else { return 'Standard'} })(${FifoQueue},${checkQueueNameSuffix})","param":"(function(_location,queueType){ return [{'location':_location, queueType:queueType, 'offercode':'AWSQueueService','productfamily':'API+Request'}]})(${_location},${resolveQueueType})"},"output":{"priceResponse":"${getAWSPrice}"}}},{"_id":"65324435e7c0c0179f8abda4","id":"AWS_SecretsManager_Secret","__v":0,"priceTemplate":{"parameters":{"_location":{"type":"string","config":"AWS::Region","default":"us-east-1"}},"resourceOperations":{"getAWSPrice":{"parameter":"${param}"}},"variables":{"param":"(function(_location){return [{'location':_location,'group':'AWSSecretsManager-Secret','offercode':'AWSSecretsManager','productfamily':'Secret'},{'location':_location, 'offercode':'AWSSecretsManager','productfamily':'API+Request'}]})(${_location})"},"output":{"priceResponse":"${getAWSPrice}"}}},{"_id":"65324435e7c0c0179f8abdb8","id":"AWS_DataPipeline_Pipeline","__v":0,"priceTemplate":{"parameters":{"_location":{"type":"string","config":"AWS::Region","default":"us-east-1"},"_datapipelineFrequency":{"type":"string","default":"Low"}},"resourceOperations":{"getAWSPrice":{"parameter":"${param}"}},"variables":{"param":"(function(_location,_datapipelineFrequency){return [{'location':_location, 'frequencyMode':_datapipelineFrequency, 'group':'Activities', 'executionLocation':'AWS', 'offercode':'datapipeline', 'productfamily':'Active+Pipeline'}]})(${_location},${_datapipelineFrequency})"},"output":{"priceResponse":"${getAWSPrice}"}}},{"_id":"65324435e7c0c0179f8abdd0","id":"AWS_CloudFront_Distribution","__v":0,"priceTemplate":{"parameters":{"PriceClass":{"type":"string","default":"PriceClass_All"},"SslSupportMethod":{"type":"string","default":"sni-only"},"ViewerProtocolPolicy":{"type":"string","default":"allow-all"}},"resourceOperations":{"getAWSPrice":{"parameter":"${param}"}},"variables":{"param":"(function(PriceClass,SslSupportMethod,ViewerProtocolPolicy){return [{'priceClass':PriceClass,'transferType':'CloudFront Outbound','offercode':'AmazonCloudFront','productfamily':'Data+Transfer'},{'sslSupportMethod':SslSupportMethod,'offercode':'AmazonCloudFront','productfamily':'Fee'},{'priceClass':PriceClass,'viewerProtocolPolicy':ViewerProtocolPolicy,'offercode':'AmazonCloudFront','productfamily':'Request'}]})(${PriceClass},${SslSupportMethod},${ViewerProtocolPolicy})"},"output":{"priceResponse":"${getAWSPrice}"}}},{"_id":"65324435e7c0c0179f8abe29","id":"AWS_FSx_FileSystem","__v":0,"priceTemplate":{"parameters":{"_location":{"type":"string","config":"AWS::Region","default":"us-east-1"},"DeploymentType":{"type":"string","config":"DeploymentType","default":"SINGLE_AZ_2"},"StorageType":{"type":"string","config":"StorageType","default":"SSD"},"StorageCapacity":{"type":"number","config":"StorageCapacity","default":"100"},"ThroughputCapacity":{"type":"number","config":"ThroughputCapacity","default":"16"},"FileSystemType":{"type":"string","config":"StorageType","default":"WINDOWS"},"PerUnitStorageThroughput":{"type":"number","config":"PerUnitStorageThroughput","default":"100"}},"resourceOperations":{"getAWSPrice":{"parameter":"${param}"},"getAWSPriceLineItem":{"sku":"${skuResponse}","generateLineItem":"true"}},"variables":{"fileSystemType":"function(FileSystemType){ if(FileSystemType =='WINDOWS') {return 'Windows'} else{return 'Lustre'}}(${FileSystemType})","MappedRegion":"function(_location){ if(_location =='ap-northeast-1') {return 'APN1'}else if(_location =='ap-northeast-2'){return 'APN2'}else if(_location =='ap-northeast-3'){return 'APN3'}else if(_location =='ap-southeast-1'){return 'APS1'}else if(_location =='ap-southeast-2'){return 'APS2'}else if(_location =='ap-south-1'){return 'APS3'}else if(_location =='ca-central-1'){return 'CAN1'}else if(_location =='eu-central-1'){return 'EUC1'}else if(_location =='eu-west-1'){return 'EU'}else if(_location =='eu-west-2'){return 'EUW2'}else if(_location =='eu-west-3'){return 'EUW3'}else if(_location =='sa-east-1'){return 'SAE1'}else if(_location =='us-east-1'){return 'USE1'}else if(_location =='us-east-2'){return 'USE2'}else if(_location =='us-west-1'){return 'USW1'}else if(_location =='us-west-2'){return 'USW2'}else if(_location =='eu-north-1'){return 'EUN1'}}(${_location})","deploymentOption":"function(DeploymentType){ if(DeploymentType =='MULTI_AZ_1') {return 'Multi-AZ'}else if(DeploymentType =='PERSISTENT_1'){return 'Persistent'}else{return 'Single-AZ'}}(${DeploymentType})","backupUsage":"function(MappedRegion,deploymentOption){ if(deploymentOption =='Multi-AZ') {return MappedRegion+'-'+'BackupUsage.'+'MultiAZ'}else{return MappedRegion+'-'+'BackupUsage'}}(${MappedRegion},${deploymentOption})","usageType":"function(MappedRegion,deploymentOption,StorageType,PerUnitStorageThroughput,fileSystemType){ if(deploymentOption =='Multi-AZ') {return MappedRegion+'-'+'Storage'+'.'+'MultiAZ'+':'+StorageType}else if(deploymentOption =='Single-AZ' && StorageType=='HDD'){return MappedRegion+'-'+'Storage:'+StorageType} else if(deploymentOption =='Persistent' && fileSystemType=='Lustre'){return MappedRegion+'-'+'Storage'+'.'+'SSD'+'.'+PerUnitStorageThroughput} else{return MappedRegion+'-'+'Storage'}}(${MappedRegion},${deploymentOption},${StorageType},${PerUnitStorageThroughput},${fileSystemType})","param":"(function(_location, deploymentOption, usageType, MappedRegion, backupUsage, fileSystemType, StorageCapacity, ThroughputCapacity){return [{'location':_location,'deploymentOption':deploymentOption,'offercode':'AmazonFSx','productfamily':'Provisioned+Throughput','_quantity':ThroughputCapacity},{'location':_location,'fileSystemType':fileSystemType, 'usagetype':backupUsage, 'offercode':'AmazonFSx','productfamily':'Storage'},{'location':_location,'fileSystemType':fileSystemType, 'usagetype':usageType, 'offercode':'AmazonFSx','productfamily':'Storage','_quantity':StorageCapacity}]})(${_location}, ${deploymentOption}, ${usageType}, ${MappedRegion}, ${backupUsage}, ${fileSystemType}, ${StorageCapacity}, ${ThroughputCapacity})","skuResponse":"${getAWSPrice}"},"output":{"priceResponse":"${getAWSPriceLineItem}"}}},{"_id":"65324435e7c0c0179f8abe35","id":"AWS_Config_ConfigRule","__v":0,"priceTemplate":{"parameters":{"_location":{"type":"string","config":"AWS::Region","default":"us-east-1"}},"resourceOperations":{"getAWSPrice":{"parameter":"${param}"}},"variables":{"param":"(function(_location){return [{'location':_location, 'category':'ActiveConfigRule', 'offercode':'AWSConfig', 'productfamily':'Management+Tools+-+AWS+Config+Rules'}]})(${_location})"},"output":{"priceResponse":"${getAWSPrice}"}}},{"_id":"65324435e7c0c0179f8abe44","id":"AWS_EKS_Cluster","__v":0,"priceTemplate":{"parameters":{"_location":{"type":"string","config":"AWS::Region","default":"us-east-1"}},"resourceOperations":{"getAWSPrice":{"parameter":"${param}"}},"variables":{"param":"(function(location){return [{'location':location,'operation':'CreateOperation','offercode':'AmazonEKS','productfamily':'Compute'}]})(${_location})"},"output":{"priceResponse":"${getAWSPrice}"}}},{"_id":"65324435e7c0c0179f8abe50","id":"AWS_ElastiCache_CacheCluster","__v":0,"priceTemplate":{"parameters":{"_location":{"type":"string","config":"AWS::Region","default":"us-east-1"},"Engine":{"type":"string"},"CacheNodeType":{"type":"string"}},"resourceOperations":{"getAWSPrice":{"parameter":"${param}"}},"variables":{"resolveEngineType":"(function(Engine){ if(Engine =='memcached') { return 'Memcached' } else if(Engine =='redis') { return 'Redis' } else { return 'Invalid cacheEngine'}  })(${Engine})","param":"(function(_location,Engine,CacheNodeType){ return [{'location':_location, 'cacheEngine':Engine,'instanceType':CacheNodeType,'offercode':'AmazonElastiCache','productfamily':'Cache+Instance'}]})(${_location},${resolveEngineType},${CacheNodeType})"},"output":{"priceResponse":"${getAWSPrice}"}}},{"_id":"65324435e7c0c0179f8abe59","id":"AWS_Route53_HealthCheck","__v":0,"priceTemplate":{"parameters":{"endpointType":{"type":"string","default":"AWS"},"Type":{"type":"string","default":"HTTP"},"RequestInterval":{"type":"string","default":"30"},"stringMatching":{"type":"string","default":"No"},"MeasureLatency":{"type":"string","default":"false"}},"resourceOperations":{"getAWSPrice":{"parameter":"${param}"}},"variables":{"param":"(function(endpointType, Type, RequestInterval, stringMatching, MeasureLatency){return [{'endpointType':endpointType, 'Type':Type, 'RequestInterval':RequestInterval, 'stringMatching':stringMatching, 'MeasureLatency':MeasureLatency, 'resourceEndpoint':'AWS', 'groupDescription':'Basic Health checks', 'offercode':'AmazonRoute53', 'productfamily':'DNS+Health+Check'}]})( ${endpointType}, ${Type}, ${RequestInterval}, ${stringMatching}, ${MeasureLatency})"},"output":{"priceResponse":"${getAWSPrice}"}}},{"_id":"65324435e7c0c0179f8abe63","id":"AWS_Redshift_Cluster","__v":0,"priceTemplate":{"parameters":{"_location":{"type":"string","config":"AWS::Region","default":"us-east-1"},"NodeType":{"type":"string"}},"resourceOperations":{"getAWSPrice":{"parameter":"${param}"}},"variables":{"param":"(function(_location,NodeType){ return [{'location':_location, 'instanceType':NodeType,'offercode':'AmazonRedshift','productfamily':'Compute+Instance'}]})(${_location},${NodeType})"},"output":{"priceResponse":"${getAWSPrice}"}}},{"_id":"65324435e7c0c0179f8abe71","id":"AWS_CloudWatch_Alarm","__v":0,"priceTemplate":{"parameters":{"_location":{"type":"string","config":"AWS::Region","default":"us-east-1"}},"resourceOperations":{"getAWSPrice":{"parameter":"${param}"}},"variables":{"param":"(function(_location){return [{'location':_location, 'alarmType': 'Standard', 'offercode':'AmazonCloudWatch', 'productfamily':'Alarm'}]})(${_location})"},"output":{"priceResponse":"${getAWSPrice}"}}},{"_id":"65324435e7c0c0179f8abe7f","id":"AWS_ElasticLoadBalancingV2_Listener","__v":0,"priceTemplate":{"parameters":{"_location":{"type":"string","config":"AWS::Region","default":"us-east-1"}},"resourceOperations":{"getAWSPrice":{"parameter":"${param}"}},"variables":{"param":"(function(){return [{'offercode':'AmazonEC2','productfamily':'Zero+Listener'}]})()"},"output":{"priceResponse":"${getAWSPrice}"}}},{"_id":"65324435e7c0c0179f8abe8b","id":"AWS_RDS_DBParameterGroup","__v":0,"priceTemplate":{"parameters":{"_location":{"type":"string","config":"AWS::Region","default":"us-east-1"}},"resourceOperations":{"getAWSPrice":{"parameter":"${param}"}},"variables":{"param":"(function(){return [{'offercode':'AmazonRDS','productfamily':'Zero+DBParameterGroup'}]})()"},"output":{"priceResponse":"${getAWSPrice}"}}},{"_id":"65324435e7c0c0179f8abe99","id":"TF_aws_acm_certificate","__v":0,"priceTemplate":{"parameters":{"region":{"type":"string","default":"us-east-1"}},"resourceOperations":{"getAWSPrice":{"parameter":"${param}"}},"variables":{"param":"(function(region){return [{'location':region,'group':'Certificate Authority Free','offercode':'AWSCertificateManager','productfamily':'AWS+Certificate+Manager'},{'location':region,'group':'Certificate Issued','offercode':'AWSCertificateManager','productfamily':'AWS+Certificate+Manager'},{'location':region,'group':'Certificate Authority Paid','offercode':'AWSCertificateManager','productfamily':'AWS+Certificate+Manager'}]})(${region})"},"output":{"priceResponse":"${getAWSPrice}"}}},{"_id":"65324435e7c0c0179f8abea5","id":"TF_aws_cloudtrail","__v":0,"priceTemplate":{"parameters":{"region":{"type":"string","default":"us-east-1"}},"resourceOperations":{"getAWSPrice":{"parameter":"${param}"}},"variables":{"param":"(function(region){ return [{'location':region,'offercode':'AWSCloudTrail','productfamily':'Management+Tools+-+AWS+CloudTrail+Paid+Events+Recorded'},{'location':region,'offercode':'AWSCloudTrail','productfamily':'Management+Tools+-+AWS+CloudTrail+Data+Events+Recorded'}]})(${region})"},"output":{"priceResponse":"${getAWSPrice}"}}},{"_id":"65324435e7c0c0179f8abeb9","id":"TF_aws_dynamodb_table","__v":0,"priceTemplate":{"parameters":{"region":{"type":"string","default":"us-east-1"}},"resourceOperations":{"getAWSPrice":{"parameter":"${param}"}},"variables":{"param":"(function(region){return [{'location':region,'volumeType': 'Amazon DynamoDB - Indexed DataStore','offercode':'AmazonDynamoDB','productfamily':'Database+Storage'},{'location':region,'group': 'DDB-ReadUnits','offercode':'AmazonDynamoDB','productfamily':'Provisioned+IOPS'},{'location':region,'group': 'DDB-WriteUnits','offercode':'AmazonDynamoDB','productfamily':'Provisioned+IOPS'}]})(${region},${region})"},"output":{"priceResponse":"${getAWSPrice}"}}},{"_id":"65324435e7c0c0179f8abed0","id":"TF_aws_ecr_repository","__v":0,"priceTemplate":{"parameters":{"region":{"type":"string","default":"us-east-1"}},"resourceOperations":{"getAWSPrice":{"parameter":"${param}"}},"variables":{"param":"(function(region){return [{'location':region,'offercode':'AmazonECR','productfamily':'EC2+Container+Registry'}]})(${region})"},"output":{"priceResponse":"${getAWSPrice}"}}},{"_id":"65324435e7c0c0179f8abee2","id":"TF_aws_ecs_service","__v":0,"priceTemplate":{"parameters":{"region":{"type":"string","default":"us-east-1"},"launch_type":{"type":"string","config":"launch_type","default":"EC2"}},"resourceOperations":{"getAWSPrice":{"parameter":"${param}"}},"variables":{"param":"(function(region,launch_type){return [{'location':region,'usagetype':launch_type,'offercode':'AmazonECS','productfamily':'Compute'},{'location':region,'usagetype':launch_type,'offercode':'AmazonECS','productfamily':'Compute'}]})(${region},${launch_type})"},"output":{"priceResponse":"${getAWSPrice}"}}},{"_id":"65324435e7c0c0179f8abef2","id":"AWS_EC2_NatGateway","__v":0,"priceTemplate":{"parameters":{"_location":{"type":"string","config":"AWS::Region","default":"us-east-1"}},"resourceOperations":{"getAWSPrice":{"parameter":"${param}"}},"variables":{"param":"(function(_location){return [{'location':_location,'offercode':'AmazonEC2','productfamily':'NAT+Gateway','groupDescription': 'Charge for per GB data processed by NatGateways'},{'location':_location,'offercode':'AmazonEC2','productfamily':'NAT+Gateway','groupDescription': 'Hourly charge for NAT Gateways'}]})(${_location})"},"output":{"priceResponse":"${getAWSPrice}"}}},{"_id":"65324435e7c0c0179f8abeff","id":"TF_aws_docdb_cluster_instance","__v":0,"priceTemplate":{"parameters":{"region":{"type":"string","default":"us-east-1"},"instance_class":{"type":"string","default":"db.t3.medium"}},"resourceOperations":{"getAWSPrice":{"parameter":"${param}"}},"variables":{"param":"(function(region, instance_class){return [{'location':region,'instanceType':instance_class,'offercode':'AmazonDocDB','productfamily':'Database+Instance'},{'location':region,'offercode':'AmazonDocDB','productfamily':'Database+Storage'},{'location':region,'offercode':'AmazonDocDB','productfamily':'Storage+Snapshot'},{'location':region,'offercode':'AmazonDocDB','productfamily':'System+Operation'}]})(${region}, ${instance_class})"},"output":{"priceResponse":"${getAWSPrice}"}}},{"_id":"65324435e7c0c0179f8abf1c","id":"TF_aws_mq_broker","__v":0,"priceTemplate":{"parameters":{"region":{"type":"string","default":"us-east-1"},"deployment_mode":{"type":"string","default":"SINGLE_INSTANCE"},"host_instance_type":{"type":"string","default":"mq.t2.micro"}},"resourceOperations":{"getAWSPrice":{"parameter":"${param}"}},"variables":{"MappedRegion":"function(region){ if(region =='ap-northeast-1') {return 'APN1'}else if(region =='ap-northeast-2'){return 'APN2'}else if(region =='ap-northeast-3'){return 'APN3'}else if(region =='ap-southeast-1'){return 'APS1'}else if(region =='ap-southeast-2'){return 'APS2'}else if(region =='ap-south-1'){return 'APS3'}else if(region =='ca-central-1'){return 'CAN1'}else if(region =='eu-central-1'){return 'EUC1'}else if(region =='eu-west-1'){return 'EU'}else if(region =='eu-west-2'){return 'EUW2'}else if(region =='eu-west-3'){return 'EUW3'}else if(region =='sa-east-1'){return 'SAE1'}else if(region =='us-east-1'){return 'USE1'}else if(region =='us-east-2'){return 'USE2'}else if(region =='us-west-1'){return 'USW1'}else if(region =='us-west-2'){return 'USW2'}else if(region =='eu-north-1'){return 'EUN1'}}(${region})","deploymentOption":"function(deployment_mode){ if(deployment_mode =='ACTIVE_STANDBY_MULTI_AZ') {return 'Multi-AZ'}else{return 'Single-AZ'}}(${deployment_mode})","usageType":"function(MappedRegion,deploymentOption,host_instance_type){ return MappedRegion+'-'+deploymentOption+'Usage:'+host_instance_type }(${MappedRegion},${deploymentOption},${host_instance_type})","param":"(function(region, deploymentOption, usageType){return [{'location':region,'usagetype':usageType,'offercode':'AmazonMQ','productfamily':'Broker+Instances'},{'location':region,'deploymentOption':'Multi-AZ','offercode':'AmazonMQ','productfamily':'Broker+Storage'}]})(${region}, ${deploymentOption}, ${usageType})"},"output":{"priceResponse":"${getAWSPrice}"}}},{"_id":"65324435e7c0c0179f8abf1a","id":"TF_aws_lambda_function","__v":0,"priceTemplate":{"parameters":{"region":{"type":"string","default":"us-east-1"}},"resourceOperations":{"getAWSPrice":{"parameter":"${param}"}},"variables":{"param":"(function(region){return [{'location':region,'group':'AWS-Lambda-Duration','offercode':'AWSLambda','productfamily':'Serverless'},{'location':region,'group':'AWS-Lambda-Requests','offercode':'AWSLambda','productfamily':'Serverless'}]})(${region})"},"output":{"priceResponse":"${getAWSPrice}"}}},{"_id":"65324435e7c0c0179f8abf16","id":"TF_aws_kinesis_firehose_delivery_stream","__v":0,"priceTemplate":{"parameters":{"region":{"type":"string","default":"us-east-1"}},"resourceOperations":{"getAWSPrice":{"parameter":"${param}"}},"variables":{"param":"(function(region){return [{'location':region, 'offercode':'AmazonKinesisFirehose', 'productfamily':'Kinesis+Firehose', 'group':'Batch Processing', 'description':'Per GB of data ingested'}]})(${region})"},"output":{"priceResponse":"${getAWSPrice}"}}},{"_id":"65324435e7c0c0179f8abf18","id":"TF_aws_kms_key","__v":0,"priceTemplate":{"parameters":{"region":{"type":"string","default":"us-east-1"}},"resourceOperations":{"getAWSPrice":{"parameter":"${param}"}},"variables":{"param":"(function(region){ return [{'location':region,'offercode':'awskms','productfamily':'Encryption+Key'}]})(${region})"},"output":{"priceResponse":"${getAWSPrice}"}}},{"_id":"65324435e7c0c0179f8abf23","id":"TF_aws_s3_bucket","__v":0,"priceTemplate":{"parameters":{"region":{"type":"string","default":"us-east-1"}},"resourceOperations":{"getAWSPrice":{"parameter":"${param}"}},"variables":{"param":"(function(region){return [{'location':region,'volumeType':'Standard','offercode':'AmazonS3','productfamily':'Storage'}]})(${region})"},"output":{"priceResponse":"${getAWSPrice}"}}},{"_id":"65324435e7c0c0179f8abf1e","id":"TF_aws_msk_cluster","__v":0,"priceTemplate":{"parameters":{"region":{"type":"string","default":"us-east-1"},"instance_type":{"type":"string","default":"kafka.m5.large"},"ebs_volume_size":{"type":"number","default":100},"number_of_broker_nodes":{"type":"number","default":2}},"resourceOperations":{"getAWSPrice":{"parameter":"${param}"},"getAWSPriceLineItem":{"sku":"${skuResponse}","generateLineItem":"true"}},"variables":{"computeFamily":"function(instance_type){ return instance_type.substring(instance_type.indexOf('.')+1);}(${instance_type})","param":"(function(region, computeFamily, ebs_volume_size, number_of_broker_nodes){return [{'location':region,'computeFamily':computeFamily,'offercode':'AmazonMSK','productfamily':'Managed Streaming for Apache Kafka (MSK)','_quantity':number_of_broker_nodes},{'location':region,'storageFamily':'GP2','offercode':'AmazonMSK','productfamily':'Managed Streaming for Apache Kafka (MSK)','_quantity':ebs_volume_size}]})(${region}, ${computeFamily}, ${ebs_volume_size}, ${number_of_broker_nodes})","skuResponse":"${getAWSPrice}"},"output":{"priceResponse":"${getAWSPriceLineItem}"}}},{"_id":"65324435e7c0c0179f8abf21","id":"TF_aws_neptune_cluster_instance","__v":0,"priceTemplate":{"parameters":{"region":{"type":"string","config":"AWS::Region","default":"us-east-1"},"instance_class":{"type":"string"}},"resourceOperations":{"getAWSPrice":{"parameter":"${param}"}},"variables":{"param":"(function(region, instance_class){return [{'location':region,'instanceType':instance_class,'offercode':'AmazonNeptune','productfamily':'Database+Instance'},{'location':region,'offercode':'AmazonNeptune','productfamily':'Database+Storage'},{'location':region,'offercode':'AmazonNeptune','productfamily':'Storage+Snapshot'},{'location':region,'offercode':'AmazonNeptune','productfamily':'System+Operation'}]})(${region}, ${instance_class})"},"output":{"priceResponse":"${getAWSPrice}"}}},{"_id":"65324435e7c0c0179f8abf4a","id":"TF_aws_sns_topic","__v":0,"priceTemplate":{"parameters":{"region":{"type":"string","default":"us-east-1"}},"resourceOperations":{"getAWSPrice":{"parameter":"${param}"}},"variables":{"param":"(function(region){ return [{'location':region,'offercode':'AmazonSNS','productfamily':'API+Request'}]})(${region})"},"output":{"priceResponse":"${getAWSPrice}"}}},{"_id":"65324435e7c0c0179f8abf54","id":"TF_aws_secretsmanager_secret","__v":0,"priceTemplate":{"parameters":{"region":{"type":"string","default":"us-east-1"}},"resourceOperations":{"getAWSPrice":{"parameter":"${param}"}},"variables":{"param":"(function(region){return [{'location':region,'group':'AWSSecretsManager-Secret','offercode':'AWSSecretsManager','productfamily':'Secret'},{'location':region, 'offercode':'AWSSecretsManager','productfamily':'API+Request'}]})(${region})"},"output":{"priceResponse":"${getAWSPrice}"}}},{"_id":"65324435e7c0c0179f8abf4e","id":"TF_aws_sqs_queue","__v":0,"priceTemplate":{"parameters":{"region":{"type":"string","default":"us-east-1"},"fifo_queue":{"type":"boolean","default":"false"},"name":{"type":"string"}},"resourceOperations":{"getAWSPrice":{"parameter":"${param}"}},"variables":{"checkQueueNameSuffix":"(function(queueName){ if(typeof(queueName) == 'string') return queueName.split('.').pop(); else return '' })(${name})","resolveQueueType":"(function(typeOfQueue,queueNameSuffix) { if(queueNameSuffix == 'fifo') { return 'FIFO (first-in, first-out)'} else if((typeof(typeOfQueue) == 'boolean' && typeOfQueue) || (typeof(typeOfQueue) == 'string' && typeOfQueue.toLowerCase() == 'true') ){ return 'FIFO (first-in, first-out)'} else { return 'Standard'} })(${fifo_queue},${checkQueueNameSuffix})","param":"(function(region,queueType){ return [{'location':region, queueType:queueType, 'offercode':'AWSQueueService','productfamily':'API+Request'}]})(${region},${resolveQueueType})"},"output":{"priceResponse":"${getAWSPrice}"}}},{"_id":"65324435e7c0c0179f8abf59","id":"TF_aws_datapipeline_pipeline","__v":0,"priceTemplate":{"parameters":{"region":{"type":"string","default":"us-east-1"}},"resourceOperations":{"getAWSPrice":{"parameter":"${param}"}},"variables":{"param":"(function(region){return [{'location':region, 'frequencyMode':'Low', 'group':'Activities', 'executionLocation':'AWS', 'offercode':'datapipeline', 'productfamily':'Active+Pipeline'}]})(${region})"},"output":{"priceResponse":"${getAWSPrice}"}}},{"_id":"65324435e7c0c0179f8abf71","id":"AWS_Config_ConfigurationRecorder","__v":0,"priceTemplate":{"parameters":{"_location":{"type":"string","config":"AWS::Region","default":"us-east-1"}},"resourceOperations":{"getAWSPrice":{"parameter":"${param}"}},"variables":{"param":"(function(_location){return [{'location':_location, 'offercode':'AWSConfig', 'productfamily':'Management+Tools+-+AWS+Config'}]})(${_location})"},"output":{"priceResponse":"${getAWSPrice}"}}},{"_id":"65324435e7c0c0179f8abf5f","id":"AWS_CloudFront_StreamingDistribution","__v":0,"priceTemplate":{"parameters":{"PriceClass":{"type":"string","default":"PriceClass_All"}},"resourceOperations":{"getAWSPrice":{"parameter":"${param}"}},"variables":{"param":"(function(PriceClass){return [{'priceClass':PriceClass,'transferType':'CloudFront to Origin','offercode':'AmazonCloudFront','productfamily':'Data+Transfer'}]})(${PriceClass})"},"output":{"priceResponse":"${getAWSPrice}"}}},{"_id":"65324435e7c0c0179f8abf65","id":"TF_aws_fsx_lustre_file_system","__v":0,"priceTemplate":{"parameters":{"region":{"type":"string","default":"us-east-1"},"deployment_type":{"type":"string","default":"PERSISTENT_1"},"storage_type":{"type":"string","default":"SSD"},"storage_capacity":{"type":"number","default":"100"},"per_unit_storage_throughput":{"type":"number","default":"100"}},"resourceOperations":{"getAWSPrice":{"parameter":"${param}"},"getAWSPriceLineItem":{"sku":"${skuResponse}","generateLineItem":"true"}},"variables":{"MappedRegion":"function(region){ if(region =='ap-northeast-1') {return 'APN1'}else if(region =='ap-northeast-2'){return 'APN2'}else if(region =='ap-northeast-3'){return 'APN3'}else if(region =='ap-southeast-1'){return 'APS1'}else if(region =='ap-southeast-2'){return 'APS2'}else if(region =='ap-south-1'){return 'APS3'}else if(region =='ca-central-1'){return 'CAN1'}else if(region =='eu-central-1'){return 'EUC1'}else if(region =='eu-west-1'){return 'EU'}else if(region =='eu-west-2'){return 'EUW2'}else if(region =='eu-west-3'){return 'EUW3'}else if(region =='sa-east-1'){return 'SAE1'}else if(region =='us-east-1'){return 'USE1'}else if(region =='us-east-2'){return 'USE2'}else if(region =='us-west-1'){return 'USW1'}else if(region =='us-west-2'){return 'USW2'}else if(region =='eu-north-1'){return 'EUN1'}}(${region})","deploymentOption":"function(deployment_type){ if(deployment_type =='PERSISTENT_1'){return 'Persistent'} else{return 'Single-AZ'}}(${deployment_type})","backupUsage":"function(MappedRegion){ return MappedRegion+'-'+'BackupUsage'}(${MappedRegion})","usageType":"function(MappedRegion,deploymentOption,storage_type,per_unit_storage_throughput){ if(deploymentOption =='Single-AZ' && storage_type=='HDD'){return MappedRegion+'-'+'Storage:'+storage_type} else if(deploymentOption =='Persistent'){return MappedRegion+'-'+'Storage'+'.'+'SSD'+'.'+per_unit_storage_throughput} else{return MappedRegion+'-'+'Storage'}}(${MappedRegion},${deploymentOption},${storage_type},${per_unit_storage_throughput})","param":"(function(region, deploymentOption, usageType, MappedRegion, backupUsage, storage_capacity){return [{'location':region,'fileSystemType':'Lustre', 'usagetype':backupUsage, 'offercode':'AmazonFSx','productfamily':'Storage'},{'location':region,'fileSystemType':'Lustre', 'usagetype':usageType, 'offercode':'AmazonFSx','productfamily':'Storage','_quantity':storage_capacity}]})(${region}, ${deploymentOption}, ${usageType}, ${MappedRegion}, ${backupUsage}, ${storage_capacity})","skuResponse":"${getAWSPrice}"},"output":{"priceResponse":"${getAWSPriceLineItem}"}}},{"_id":"65324435e7c0c0179f8abf85","id":"AWS_EKS_Nodegroup","__v":0,"priceTemplate":{"parameters":{"_location":{"type":"string","config":"AWS::Region","default":"us-east-1"},"InstanceTypes":{"type":"string","default":"t3.medium"},"DiskSize":{"type":"number","config":"DiskSize","default":20},"DesiredSize":{"type":"number","config":"DesiredSize","default":1}},"resourceOperations":{"getAWSPrice":{"parameter":"${param}"},"getAWSPriceLineItem":{"sku":"${skuResponse}","generateLineItem":"true"}},"variables":{"param":"(function(_location, InstanceType, DiskSize, DesiredSize){return [{'location':_location,'instanceType':InstanceType,'licenseModel':'No License required','operatingSystem':'Linux','preInstalledSw':'NA','tenancy':'default','capacityStatus':'Used','offercode':'AmazonEC2','productfamily':'Compute+Instance','_quantity':DesiredSize}, {'location':_location,'volumeType':'gp2','offercode':'AmazonEC2','productfamily':'Storage','_quantity':DiskSize}]})(${_location}, ${InstanceTypes}, ${DiskSize}, ${DesiredSize})","skuResponse":"${getAWSPrice}"},"output":{"priceResponse":"${getAWSPriceLineItem}"}}},{"_id":"65324435e7c0c0179f8abf8d","id":"AWS_ElastiCache_SubnetGroup","__v":0,"priceTemplate":{"parameters":{"_location":{"type":"string","config":"AWS::Region","default":"us-east-1"}},"resourceOperations":{"getAWSPrice":{"parameter":"${param}"}},"variables":{"param":"(function(){return [{'offercode':'AmazonElastiCache','productfamily':'Zero+SubnetGroup'}]})()"},"output":{"priceResponse":"${getAWSPrice}"}}},{"_id":"65324435e7c0c0179f8abf9c","id":"AWS_Route53_HostedZone","__v":0,"priceTemplate":{"parameters":{"_location":{"type":"string","config":"AWS::Region","default":"us-east-1"}},"resourceOperations":{"getAWSPrice":{"parameter":"${param}"}},"variables":{"param":"(function(){return [{'offercode':'AmazonRoute53','productfamily':'DNS+Zone'}]})()"},"output":{"priceResponse":"${getAWSPrice}"}}},{"_id":"65324435e7c0c0179f8abfa5","id":"AWS_Redshift_ClusterParameterGroup","__v":0,"priceTemplate":{"parameters":{"_location":{"type":"string","config":"AWS::Region","default":"us-east-1"}},"resourceOperations":{"getAWSPrice":{"parameter":"${param}"}},"variables":{"param":"(function(){return [{'offercode':'AmazonRedshift','productfamily':'Zero+ClusterParameterGroup'}]})()"},"output":{"priceResponse":"${getAWSPrice}"}}},{"_id":"65324435e7c0c0179f8abfa9","id":"AWS_Events_Rule","__v":0,"priceTemplate":{"parameters":{"_location":{"type":"string","config":"AWS::Region","default":"us-east-1"}},"resourceOperations":{"getAWSPrice":{"parameter":"${param}"}},"variables":{"param":"(function(_location){return [{'location':_location, 'eventType': 'Custom Event', 'offercode':'AWSEvents', 'productfamily':'EventBridge'}]})(${_location})"},"output":{"priceResponse":"${getAWSPrice}"}}},{"_id":"65324435e7c0c0179f8abfb4","id":"AWS_ElasticLoadBalancingV2_LoadBalancer","__v":0,"priceTemplate":{"parameters":{"_location":{"type":"string","config":"AWS::Region","default":"us-east-1"},"Type":{"type":"string","default":"application"}},"resourceOperations":{"getAWSPrice":{"parameter":"${param}"}},"variables":{"productfamily":"function(Type){ if(Type =='network') {return 'Load+Balancer-Network'}else{return 'Load+Balancer-Application'}}(${Type})","groupDescription":"function(Type){ if(Type =='network') {return 'LoadBalancer hourly usage by Network Load Balancer'}else{return 'LoadBalancer hourly usage by Application Load Balancer'}}(${Type})","param":"(function(_location, productfamily, groupDescription){return [{'location':_location, 'groupDescription':groupDescription, 'offercode':'AmazonEC2','productfamily':productfamily}]})(${_location}, ${productfamily}, ${groupDescription})"},"output":{"priceResponse":"${getAWSPrice}"}}},{"_id":"65324435e7c0c0179f8abfc3","id":"AWS_RDS_DBSubnetGroup","__v":0,"priceTemplate":{"parameters":{"_location":{"type":"string","config":"AWS::Region","default":"us-east-1"}},"resourceOperations":{"getAWSPrice":{"parameter":"${param}"}},"variables":{"param":"(function(){return [{'offercode':'AmazonRDS','productfamily':'Zero+DBSubnetGroup'}]})()"},"output":{"priceResponse":"${getAWSPrice}"}}},{"_id":"65324435e7c0c0179f8abfd0","id":"AWS_EC2_NetworkInterface","__v":0,"priceTemplate":{"parameters":{"_location":{"type":"string","config":"AWS::Region","default":"us-east-1"}},"resourceOperations":{"getAWSPrice":{"parameter":"${param}"}},"variables":{"param":"(function(){return [{'offercode':'AmazonEC2','productfamily':'Zero+NetworkInterface'}]})()"},"output":{"priceResponse":"${getAWSPrice}"}}},{"_id":"65324435e7c0c0179f8abfdf","id":"AWS_EFS_FileSystem","__v":0,"priceTemplate":{"parameters":{"_location":{"type":"string","config":"AWS::Region","default":"us-east-1"}},"resourceOperations":{"getAWSPrice":{"parameter":"${param}"}},"variables":{"param":"(function(_location){return [{'location':_location,'storageClass': 'General Purpose','offercode':'AmazonEFS','productfamily':'Storage'}]})(${_location})"},"output":{"priceResponse":"${getAWSPrice}"}}},{"_id":"65324435e7c0c0179f8abfe6","id":"AWS_Elasticsearch_Domain","__v":0,"priceTemplate":{"parameters":{"_location":{"type":"string","config":"AWS::Region","default":"us-east-1"},"InstanceType":{"type":"string","default":"m3.medium.elasticsearch"},"VolumeType":{"type":"string","default":"General Purpose"}},"resourceOperations":{"getAWSPrice":{"parameter":"${param}"}},"variables":{"storageMedia":"function(VolumeType){let storageVolume=VolumeType; if(VolumeType ==='General Purpose') {return 'GP2'}else if(VolumeType === 'Provisioned IOPS'){return 'PIOPS-Storage'}else{return VolumeType}}(${VolumeType})","param":"(function(_location, InstanceType, storageMedia){return [{'location':_location, 'instanceType':InstanceType,  'offercode':'AmazonES', 'productfamily':'Elastic+Search+Instance'}, {'location':_location, 'storageMedia':storageMedia, 'offercode':'AmazonES', 'productfamily':'Elastic+Search+Volume'}]})(${_location},${InstanceType},${storageMedia})"},"output":{"priceResponse":"${getAWSPrice}"}}},{"_id":"65324435e7c0c0179f8abfed","id":"TF_aws_fsx_windows_file_system","__v":0,"priceTemplate":{"parameters":{"region":{"type":"string","default":"us-east-1"},"deployment_type":{"type":"string","default":"SINGLE_AZ_2"},"storage_type":{"type":"string","default":"SSD"},"storage_capacity":{"type":"number","default":"100"},"throughput_capacity":{"type":"number","default":"16"}},"resourceOperations":{"getAWSPrice":{"parameter":"${param}"},"getAWSPriceLineItem":{"sku":"${skuResponse}","generateLineItem":"true"}},"variables":{"MappedRegion":"function(region){ if(region =='ap-northeast-1') {return 'APN1'}else if(region =='ap-northeast-2'){return 'APN2'}else if(region =='ap-northeast-3'){return 'APN3'}else if(region =='ap-southeast-1'){return 'APS1'}else if(region =='ap-southeast-2'){return 'APS2'}else if(region =='ap-south-1'){return 'APS3'}else if(region =='ca-central-1'){return 'CAN1'}else if(region =='eu-central-1'){return 'EUC1'}else if(region =='eu-west-1'){return 'EU'}else if(region =='eu-west-2'){return 'EUW2'}else if(region =='eu-west-3'){return 'EUW3'}else if(region =='sa-east-1'){return 'SAE1'}else if(region =='us-east-1'){return 'USE1'}else if(region =='us-east-2'){return 'USE2'}else if(region =='us-west-1'){return 'USW1'}else if(region =='us-west-2'){return 'USW2'}else if(region =='eu-north-1'){return 'EUN1'}}(${region})","deploymentOption":"function(deployment_type){ if(deployment_type =='MULTI_AZ_1') {return 'Multi-AZ'} else{return 'Single-AZ'}}(${deployment_type})","backupUsage":"function(MappedRegion,deploymentOption){ if(deploymentOption =='Multi-AZ') {return MappedRegion+'-'+'BackupUsage.'+'MultiAZ'}else{return MappedRegion+'-'+'BackupUsage'}}(${MappedRegion},${deploymentOption})","usageType":"function(MappedRegion,deploymentOption,storage_type){ if(deploymentOption =='Multi-AZ') {return MappedRegion+'-'+'Storage'+'.'+'MultiAZ'+':'+storage_type}else if(deploymentOption =='Single-AZ' && storage_type=='HDD'){return MappedRegion+'-'+'Storage:'+storage_type} else{return MappedRegion+'-'+'Storage'}}(${MappedRegion},${deploymentOption},${storage_type})","param":"(function(region, deploymentOption, usageType, MappedRegion, backupUsage, storage_capacity, throughput_capacity){return [{'location':region,'deploymentOption':deploymentOption,'offercode':'AmazonFSx','productfamily':'Provisioned+Throughput','_quantity':throughput_capacity},{'location':region,'fileSystemType':'Windows', 'usagetype':backupUsage, 'offercode':'AmazonFSx','productfamily':'Storage'},{'location':region,'fileSystemType':'Windows', 'usagetype':usageType, 'offercode':'AmazonFSx','productfamily':'Storage','_quantity':storage_capacity}]})(${region}, ${deploymentOption}, ${usageType}, ${MappedRegion}, ${backupUsage}, ${storage_capacity}, ${throughput_capacity})","skuResponse":"${getAWSPrice}"},"output":{"priceResponse":"${getAWSPriceLineItem}"}}},{"_id":"65324435e7c0c0179f8ac001","id":"TF_aws_config_config_rule","__v":0,"priceTemplate":{"parameters":{"region":{"type":"string","default":"us-east-1"}},"resourceOperations":{"getAWSPrice":{"parameter":"${param}"}},"variables":{"param":"(function(region){return [{'location':region, 'category':'ActiveConfigRule', 'offercode':'AWSConfig', 'productfamily':'Management+Tools+-+AWS+Config+Rules'}]})(${region})"},"output":{"priceResponse":"${getAWSPrice}"}}},{"_id":"65324435e7c0c0179f8ac018","id":"TF_aws_eks_cluster","__v":0,"priceTemplate":{"parameters":{"region":{"type":"string","default":"us-east-1"}},"resourceOperations":{"getAWSPrice":{"parameter":"${param}"}},"variables":{"param":"(function(region){return [{'location':region,'operation':'CreateOperation','locationType':'AWS Region','offercode':'AmazonEKS','productfamily':'Compute','_description': '(EKS cluster)'}]})(${region})"},"output":{"priceResponse":"${getAWSPrice}"}}},{"_id":"65324435e7c0c0179f8ac027","id":"TF_aws_elasticache_cluster","__v":0,"priceTemplate":{"parameters":{"region":{"type":"string","default":"us-east-1"},"engine":{"type":"string"},"node_type":{"type":"string"}},"resourceOperations":{"getAWSPrice":{"parameter":"${param}"}},"variables":{"resolveEngineType":"(function(engine){ if(engine =='memcached') { return 'Memcached' } else if(engine =='redis') { return 'Redis' } else { return 'Invalid cacheEngine'}  })(${engine})","param":"(function(region,engine,node_type){ return [{'location':region, 'cacheEngine':engine,'instanceType':node_type,'offercode':'AmazonElastiCache','productfamily':'Cache+Instance'}]})(${region},${resolveEngineType},${node_type})"},"output":{"priceResponse":"${getAWSPrice}"}}},{"_id":"65324435e7c0c0179f8ac036","id":"AWS_Route53_RecordSet","__v":0,"priceTemplate":{"parameters":{"_location":{"type":"string","config":"AWS::Region","default":"us-east-1"}},"resourceOperations":{"getAWSPrice":{"parameter":"${param}"}},"variables":{"param":"(function(){return [{'offercode':'AmazonRoute53','productfamily':'Zero+RecordSet'}]})()"},"output":{"priceResponse":"${getAWSPrice}"}}},{"_id":"65324435e7c0c0179f8ac041","id":"AWS_Redshift_ClusterSubnetGroup","__v":0,"priceTemplate":{"parameters":{"_location":{"type":"string","config":"AWS::Region","default":"us-east-1"}},"resourceOperations":{"getAWSPrice":{"parameter":"${param}"}},"variables":{"param":"(function(){return [{'offercode':'AmazonRedshift','productfamily':'Zero+ClusterSubnetGroup'}]})()"},"output":{"priceResponse":"${getAWSPrice}"}}},{"_id":"65324435e7c0c0179f8ac04a","id":"AWS_Logs_LogGroup","__v":0,"priceTemplate":{"parameters":{"_location":{"type":"string","config":"AWS::Region","default":"us-east-1"}},"resourceOperations":{"getAWSPrice":{"parameter":"${param}"}},"variables":{"param":"(function(){return [{'offercode':'AmazonCloudWatch','productfamily':'Zero+LogGroup'}]})()"},"output":{"priceResponse":"${getAWSPrice}"}}},{"_id":"65324435e7c0c0179f8ac06c","id":"AWS_ElasticLoadBalancingV2_TargetGroup","__v":0,"priceTemplate":{"parameters":{"_location":{"type":"string","config":"AWS::Region","default":"us-east-1"}},"resourceOperations":{"getAWSPrice":{"parameter":"${param}"}},"variables":{"param":"(function(){return [{'offercode':'AmazonEC2','productfamily':'Zero+TargetGroup'}]})()"},"output":{"priceResponse":"${getAWSPrice}"}}},{"_id":"65324435e7c0c0179f8ac074","id":"AWS_RDS_EventSubscription","__v":0,"priceTemplate":{"parameters":{"_location":{"type":"string","config":"AWS::Region","default":"us-east-1"}},"resourceOperations":{"getAWSPrice":{"parameter":"${param}"}},"variables":{"param":"(function(){return [{'offercode':'AmazonRDS','productfamily':'Zero+EventSubscription'}]})()"},"output":{"priceResponse":"${getAWSPrice}"}}},{"_id":"65324435e7c0c0179f8ac085","id":"AWS_EC2_SecurityGroup","__v":0,"priceTemplate":{"parameters":{"_location":{"type":"string","config":"AWS::Region","default":"us-east-1"}},"resourceOperations":{"getAWSPrice":{"parameter":"${param}"}},"variables":{"param":"(function(){return [{'offercode':'AmazonEC2','productfamily':'Zero+SecurityGroup'}]})()"},"output":{"priceResponse":"${getAWSPrice}"}}},{"_id":"65324435e7c0c0179f8ac099","id":"TF_aws_efs_file_system","__v":0,"priceTemplate":{"parameters":{"region":{"type":"string","default":"us-east-1"}},"resourceOperations":{"getAWSPrice":{"parameter":"${param}"}},"variables":{"param":"(function(region){return [{'location':region,'storageClass': 'General Purpose','offercode':'AmazonEFS','productfamily':'Storage'}]})(${region})"},"output":{"priceResponse":"${getAWSPrice}"}}},{"_id":"65324435e7c0c0179f8ac0a5","id":"TF_aws_elasticsearch_domain","__v":0,"priceTemplate":{"parameters":{"region":{"type":"string","default":"us-east-1"},"instance_type":{"type":"string","default":"m3.medium.elasticsearch"},"volume_type":{"type":"string","default":"General Purpose"}},"resourceOperations":{"getAWSPrice":{"parameter":"${param}"}},"variables":{"storageMedia":"function(volume_type){let storageVolume=volume_type; if(volume_type ==='General Purpose') {return 'GP2'}else if(volume_type === 'Provisioned IOPS'){return 'PIOPS-Storage'}else{return volume_type}}(${volume_type})","param":"(function(region, instance_type, storageMedia){return [{'location':region, 'instanceType':instance_type,  'offercode':'AmazonES', 'productfamily':'Elastic+Search+Instance'}, {'location':region, 'storageMedia':storageMedia, 'offercode':'AmazonES', 'productfamily':'Elastic+Search+Volume'}]})(${region},${instance_type},${storageMedia})"},"output":{"priceResponse":"${getAWSPrice}"}}},{"_id":"65324435e7c0c0179f8ac0b8","id":"TF_aws_config_configuration_recorder","__v":0,"priceTemplate":{"parameters":{"region":{"type":"string","default":"us-east-1"}},"resourceOperations":{"getAWSPrice":{"parameter":"${param}"}},"variables":{"param":"(function(region){return [{'location':region, 'offercode':'AWSConfig', 'productfamily':'Management+Tools+-+AWS+Config'}]})(${region})"},"output":{"priceResponse":"${getAWSPrice}"}}},{"_id":"65324435e7c0c0179f8ac106","id":"TF_aws_eks_node_group","__v":0,"priceTemplate":{"parameters":{"region":{"type":"string","default":"us-east-1"},"instance_types":{"type":"array","default":["t3.medium"]},"disk_size":{"type":"number","default":20},"desired_size":{"type":"number","default":1}},"resourceOperations":{"getAWSPrice":{"parameter":"${param}"},"getAWSPriceLineItem":{"sku":"${skuResponse}","generateLineItem":"true"}},"variables":{"param":"(function(region, instance_types, disk_size, desired_size){let description = instance_types[0] + ' (EKS Node Group)'; return [{'location':region,'instanceType':instance_types[0],'licenseModel':'No License required','operatingSystem':'Linux','preInstalledSw':'NA','tenancy':'default','capacityStatus':'Used','offercode':'AmazonEC2','productfamily':'Compute+Instance','_quantity':desired_size,'_description': description}]})(${region}, ${instance_types}, ${disk_size}, ${desired_size})","skuResponse":"${getAWSPrice}"},"output":{"priceResponse":"${getAWSPriceLineItem}"}}},{"_id":"65324435e7c0c0179f8ac128","id":"TF_aws_elasticache_subnet_group","__v":0,"priceTemplate":{"parameters":{"region":{"type":"string","default":"us-east-1"}},"resourceOperations":{"getAWSPrice":{"parameter":"${param}"}},"variables":{"param":"(function(){return [{'offercode':'AmazonElastiCache','productfamily':'Zero+SubnetGroup'}]})()"},"output":{"priceResponse":"${getAWSPrice}"}}},{"_id":"65324435e7c0c0179f8ac13e","id":"TF_aws_route53_health_check","__v":0,"priceTemplate":{"parameters":{"type":{"type":"string","default":"HTTP"},"request_interval":{"type":"string","default":"30"},"measure_latency":{"type":"string","default":"false"}},"resourceOperations":{"getAWSPrice":{"parameter":"${param}"}},"variables":{"param":"(function(type, request_interval, measure_latency){return [{'endpointType':'AWS', 'Type':type, 'RequestInterval':request_interval, 'stringMatching':'No', 'MeasureLatency':measure_latency, 'resourceEndpoint':'AWS', 'groupDescription':'Basic Health checks', 'offercode':'AmazonRoute53', 'productfamily':'DNS+Health+Check'}]})(${type}, ${request_interval}, ${measure_latency})"},"output":{"priceResponse":"${getAWSPrice}"}}},{"_id":"65324435e7c0c0179f8ac14a","id":"TF_aws_redshift_cluster","__v":0,"priceTemplate":{"parameters":{"region":{"type":"string","default":"us-east-1"},"node_type":{"type":"string"}},"resourceOperations":{"getAWSPrice":{"parameter":"${param}"}},"variables":{"param":"(function(region,node_type){ return [{'location':region, 'instanceType':node_type,'offercode':'AmazonRedshift','productfamily':'Compute+Instance'}]})(${region},${node_type})"},"output":{"priceResponse":"${getAWSPrice}"}}},{"_id":"65324435e7c0c0179f8ac15c","id":"AWS_Logs_LogStream","__v":0,"priceTemplate":{"parameters":{"_location":{"type":"string","config":"AWS::Region","default":"us-east-1"}},"resourceOperations":{"getAWSPrice":{"parameter":"${param}"}},"variables":{"param":"(function(_location){return [{'location':_location, 'offercode':'AmazonCloudWatch', 'productfamily':'Data+Payload'}, {'location':_location, 'version': 'Current', 'offercode':'AmazonCloudWatch', 'productfamily':'Storage+Snapshot'}]})(${_location})"},"output":{"priceResponse":"${getAWSPrice}"}}},{"_id":"65324435e7c0c0179f8ac161","id":"AWS_ElasticLoadBalancing_LoadBalancer","__v":0,"priceTemplate":{"parameters":{"_location":{"type":"string","config":"AWS::Region","default":"us-east-1"}},"resourceOperations":{"getAWSPrice":{"parameter":"${param}"}},"variables":{"param":"(function(_location){return [{'location':_location, 'groupDescription':'Standard Elastic Load Balancer', 'offercode':'AmazonEC2','productfamily':'Load+Balancer'}]})(${_location})"},"output":{"priceResponse":"${getAWSPrice}"}}},{"_id":"65324435e7c0c0179f8ac169","id":"AWS_RDS_OptionGroup","__v":0,"priceTemplate":{"parameters":{"_location":{"type":"string","config":"AWS::Region","default":"us-east-1"}},"resourceOperations":{"getAWSPrice":{"parameter":"${param}"}},"variables":{"param":"(function(){return [{'offercode':'AmazonRDS','productfamily':'Zero+OptionGroup'}]})()"},"output":{"priceResponse":"${getAWSPrice}"}}},{"_id":"65324435e7c0c0179f8ac171","id":"AWS_EC2_VPC","__v":0,"priceTemplate":{"parameters":{"_location":{"type":"string","config":"AWS::Region","default":"us-east-1"}},"resourceOperations":{"getAWSPrice":{"parameter":"${param}"}},"variables":{"param":"(function(){return [{'offercode':'AmazonEC2','productfamily':'Zero+VPC'}]})()"},"output":{"priceResponse":"${getAWSPrice}"}}},{"_id":"65324435e7c0c0179f8ac1ad","id":"TF_aws_route53_record","__v":0,"priceTemplate":{"parameters":{"region":{"type":"string","default":"us-east-1"}},"resourceOperations":{"getAWSPrice":{"parameter":"${param}"}},"variables":{"param":"(function(){return [{'offercode':'AmazonRoute53','productfamily':'Zero+RecordSet'}]})()"},"output":{"priceResponse":"${getAWSPrice}"}}},{"_id":"65324435e7c0c0179f8ac1bd","id":"TF_aws_redshift_parameter_group","__v":0,"priceTemplate":{"parameters":{"region":{"type":"string","default":"us-east-1"}},"resourceOperations":{"getAWSPrice":{"parameter":"${param}"}},"variables":{"param":"(function(){return [{'offercode':'AmazonRedshift','productfamily':'Zero+ClusterParameterGroup'}]})()"},"output":{"priceResponse":"${getAWSPrice}"}}},{"_id":"65324435e7c0c0179f8ac1c9","id":"TF_aws_elb","__v":0,"priceTemplate":{"parameters":{"region":{"type":"string","default":"us-east-1"}},"resourceOperations":{"getAWSPrice":{"parameter":"${param}"}},"variables":{"param":"(function(region){return [{'location':region, 'groupDescription':'Standard Elastic Load Balancer', 'offercode':'AmazonEC2','productfamily':'Load+Balancer'}]})(${region})"},"output":{"priceResponse":"${getAWSPrice}"}}},{"_id":"65324435e7c0c0179f8ac1cf","id":"TF_aws_db_event_subscription","__v":0,"priceTemplate":{"parameters":{"region":{"type":"string","default":"us-east-1"}},"resourceOperations":{"getAWSPrice":{"parameter":"${param}"}},"variables":{"param":"(function(){return [{'offercode':'AmazonRDS','productfamily':'Zero+EventSubscription'}]})()"},"output":{"priceResponse":"${getAWSPrice}"}}},{"_id":"65324435e7c0c0179f8ac1dd","id":"AWS_EC2_Volume","__v":0,"priceTemplate":{"parameters":{"_location":{"type":"string","config":"AWS::Region","default":"us-east-1"},"VolumeType":{"type":"string","config":"VolumeType","default":"General Purpose"}},"resourceOperations":{"getAWSPrice":{"parameter":"${param}"}},"variables":{"type":"function(VolumeType){ if(VolumeType =='standard') {return 'Magnetic'} else if(VolumeType =='io1' || VolumeType=='io2') {return 'Provisioned IOPS'} else if(VolumeType=='' || VolumeType =='gp2') {return 'General Purpose'} else if(VolumeType =='sc1') {return 'Cold HDD'} else if(VolumeType =='st1') {return 'Throughput Optimized HDD'}}(${VolumeType})","param":"(function(_location,VolumeType,type){return [{'location':_location,'volumeType':type,'volumeApiName':VolumeType,'offercode':'AmazonEC2','productfamily':'Storage'}]})(${_location},${VolumeType},${type})"},"output":{"priceResponse":"${getAWSPrice}"}}},{"_id":"65324435e7c0c0179f8ac20b","id":"TF_aws_route53_zone","__v":0,"priceTemplate":{"parameters":{"region":{"type":"string","default":"us-east-1"}},"resourceOperations":{"getAWSPrice":{"parameter":"${param}"}},"variables":{"param":"(function(){return [{'offercode':'AmazonRoute53','productfamily':'DNS+Zone'}]})()"},"output":{"priceResponse":"${getAWSPrice}"}}},{"_id":"65324435e7c0c0179f8ac217","id":"TF_aws_cloudwatch_event_rule","__v":0,"priceTemplate":{"parameters":{"region":{"type":"string","default":"us-east-1"}},"resourceOperations":{"getAWSPrice":{"parameter":"${param}"}},"variables":{"param":"(function(region){return [{'location':region, 'eventType': 'Custom Event', 'offercode':'AWSEvents', 'productfamily':'EventBridge'}]})(${region})"},"output":{"priceResponse":"${getAWSPrice}"}}},{"_id":"65324435e7c0c0179f8ac22b","id":"TF_aws_lb","__v":0,"priceTemplate":{"parameters":{"region":{"type":"string","default":"us-east-1"},"load_balancer_type":{"type":"string","default":"application"}},"resourceOperations":{"getAWSPrice":{"parameter":"${param}"}},"variables":{"productfamily":"function(load_balancer_type){ if(load_balancer_type =='network') {return 'Load+Balancer-Network'}else{return 'Load+Balancer-Application'}}(${load_balancer_type})","groupDescription":"function(load_balancer_type){ if(load_balancer_type =='network') {return 'LoadBalancer hourly usage by Network Load Balancer'}else{return 'LoadBalancer hourly usage by Application Load Balancer'}}(${load_balancer_type})","param":"(function(region, productfamily, groupDescription){return [{'location':region, 'groupDescription':groupDescription, 'offercode':'AmazonEC2','productfamily':productfamily}]})(${region}, ${productfamily}, ${groupDescription})"},"output":{"priceResponse":"${getAWSPrice}"}}},{"_id":"65324435e7c0c0179f8ac236","id":"TF_aws_db_instance","__v":0,"priceTemplate":{"parameters":{"region":{"type":"string","default":"us-east-1"},"instance_class":{"type":"string"},"multi_az":{"type":"boolean","default":"false"},"license_model":{"type":"string","default":""},"engine":{"type":"string"},"iops":{"type":"number","default":"-1"},"storage_type":{"type":"string","default":"standard"}},"resourceOperations":{"getAWSPrice":{"parameter":"${param}"}},"variables":{"getValidStorageType":"(function(iops, storage_type){ if (iops == '' || iops === '-1' ) return storage_type; else return 'io1';})(${iops},${storage_type})","param":"(function(region,instance_class,multi_az,license_model,engine,storage_type){return [{'location':region,'dbInstanceClass':instance_class,'multiAZ':multi_az,'databaseEngine':engine,'licenseModel':license_model,'offercode':'AmazonRDS','productfamily':'Database+Instance'},{'databaseEngine':engine,'storageType':storage_type,'location':region,'multiAZ':multi_az,'offercode':'AmazonRDS','productfamily':'Database+Storage'},{'location':region,'multiAZ':multi_az,'databaseEngine':engine,'storageType':storage_type,'offercode':'AmazonRDS','productfamily':'Provisioned+IOPS'},{'location':region,'databaseEngine':engine,'offercode':'AmazonRDS','productfamily':'Storage+Snapshot'},{'location':region,'databaseEngine':engine,'offercode':'AmazonRDS','productfamily':'System+Operation'}]})(${region},${instance_class},${multi_az},${license_model},${engine},${getValidStorageType})"},"output":{"priceResponse":"${getAWSPrice}"}}},{"_id":"65324435e7c0c0179f8ac24d","id":"TF_aws_ebs_volume","__v":0,"priceTemplate":{"parameters":{"region":{"type":"string","default":"us-east-1"},"type":{"type":"string","default":"gp2"},"size":{"type":"number","default":1}},"resourceOperations":{"getAWSPrice":{"parameter":"${param}"}},"variables":{"volumeType":"function(type){ if(type =='standard') {return 'Magnetic'} else if(type =='io1' || type=='io2') {return 'Provisioned IOPS'} else if(type=='' || type =='gp2' || type =='gp3') {return 'General Purpose'} else if(type =='sc1') {return 'Cold HDD'} else if(type =='st1') {return 'Throughput Optimized HDD'}}(${type})","param":"(function(region,type,volumeType,size){let ebsDesc = (type === 'standard') ? volumeType : volumeType + ', ' + type; ebsDesc = ebsDesc + ' (EBS)';return [{'location':region,'volumeType':volumeType,'volumeApiName':type,'offercode':'AmazonEC2','productfamily':'Storage', '_quantity':size, '_description': ebsDesc}]})(${region},${type},${volumeType},${size})"},"output":{"priceResponse":"${getAWSPrice}"}}},{"_id":"65324435e7c0c0179f8ac2a9","id":"TF_aws_redshift_subnet_group","__v":0,"priceTemplate":{"parameters":{"region":{"type":"string","default":"us-east-1"}},"resourceOperations":{"getAWSPrice":{"parameter":"${param}"}},"variables":{"param":"(function(){return [{'offercode':'AmazonRedshift','productfamily':'Zero+ClusterSubnetGroup'}]})()"},"output":{"priceResponse":"${getAWSPrice}"}}},{"_id":"65324435e7c0c0179f8ac2c3","id":"TF_aws_lb_listener","__v":0,"priceTemplate":{"parameters":{"region":{"type":"string","default":"us-east-1"}},"resourceOperations":{"getAWSPrice":{"parameter":"${param}"}},"variables":{"param":"(function(){return [{'offercode':'AmazonEC2','productfamily':'Zero+Listener'}]})()"},"output":{"priceResponse":"${getAWSPrice}"}}},{"_id":"65324435e7c0c0179f8ac2d0","id":"TF_aws_db_option_group","__v":0,"priceTemplate":{"parameters":{"region":{"type":"string","default":"us-east-1"}},"resourceOperations":{"getAWSPrice":{"parameter":"${param}"}},"variables":{"param":"(function(){return [{'offercode':'AmazonRDS','productfamily':'Zero+OptionGroup'}]})()"},"output":{"priceResponse":"${getAWSPrice}"}}},{"_id":"65324435e7c0c0179f8ac2da","id":"TF_aws_eip","__v":0,"priceTemplate":{"parameters":{"region":{"type":"string","default":"us-east-1"}},"resourceOperations":{"getAWSPrice":{"parameter":"${param}"}},"variables":{"param":"(function(region){return [{'location':region,'offercode':'AmazonEC2','productfamily':'IP+Address','group':'ElasticIP:AdditionalAddress','_description': '(Elastic IP)'}]})(${region})"},"output":{"priceResponse":"${getAWSPrice}"}}},{"_id":"65324435e7c0c0179f8ac2eb","id":"TF_aws_cloudwatch_log_group","__v":0,"priceTemplate":{"parameters":{"region":{"type":"string","default":"us-east-1"}},"resourceOperations":{"getAWSPrice":{"parameter":"${param}"}},"variables":{"param":"(function(){return [{'offercode':'AmazonCloudWatch','productfamily':'Zero+LogGroup'}]})()"},"output":{"priceResponse":"${getAWSPrice}"}}},{"_id":"65324435e7c0c0179f8ac300","id":"TF_aws_lb_target_group","__v":0,"priceTemplate":{"parameters":{"region":{"type":"string","default":"us-east-1"}},"resourceOperations":{"getAWSPrice":{"parameter":"${param}"}},"variables":{"param":"(function(){return [{'offercode':'AmazonEC2','productfamily':'Zero+TargetGroup'}]})()"},"output":{"priceResponse":"${getAWSPrice}"}}},{"_id":"65324435e7c0c0179f8ac357","id":"TF_aws_db_parameter_group","__v":0,"priceTemplate":{"parameters":{"region":{"type":"string","default":"us-east-1"}},"resourceOperations":{"getAWSPrice":{"parameter":"${param}"}},"variables":{"param":"(function(){return [{'offercode':'AmazonRDS','productfamily':'Zero+DBParameterGroup'}]})()"},"output":{"priceResponse":"${getAWSPrice}"}}},{"_id":"65324435e7c0c0179f8ac362","id":"TF_aws_iam_openid_connect_provider","__v":0,"priceTemplate":{"parameters":{"region":{"type":"string","default":"us-east-1"}},"resourceOperations":{"getAWSPrice":{"parameter":"${param}"}},"variables":{"param":"(function(){return [{'offercode':'AmazonEC2','productfamily':'Zero+IAMOpenIDConnectProvider'}]})()"},"output":{"priceResponse":"${getAWSPrice}"}}},{"_id":"65324435e7c0c0179f8ac3c9","id":"TF_aws_db_subnet_group","__v":0,"priceTemplate":{"parameters":{"region":{"type":"string","default":"us-east-1"}},"resourceOperations":{"getAWSPrice":{"parameter":"${param}"}},"variables":{"param":"(function(){return [{'offercode':'AmazonRDS','productfamily':'Zero+DBSubnetGroup'}]})()"},"output":{"priceResponse":"${getAWSPrice}"}}},{"_id":"65324435e7c0c0179f8ac3dc","id":"TF_aws_iam_policy","__v":0,"priceTemplate":{"parameters":{"region":{"type":"string","default":"us-east-1"}},"resourceOperations":{"getAWSPrice":{"parameter":"${param}"}},"variables":{"param":"(function(){return [{'offercode':'AmazonEC2','productfamily':'Zero+IAMPolicy'}]})()"},"output":{"priceResponse":"${getAWSPrice}"}}},{"_id":"65324435e7c0c0179f8ac407","id":"TF_aws_cloudwatch_log_stream","__v":0,"priceTemplate":{"parameters":{"region":{"type":"string","default":"us-east-1"}},"resourceOperations":{"getAWSPrice":{"parameter":"${param}"}},"variables":{"param":"(function(region){return [{'location':region, 'offercode':'AmazonCloudWatch', 'productfamily':'Data+Payload'}, {'location':region, 'version': 'Current', 'offercode':'AmazonCloudWatch', 'productfamily':'Storage+Snapshot'}]})(${region})"},"output":{"priceResponse":"${getAWSPrice}"}}},{"_id":"65324435e7c0c0179f8ac41c","id":"TF_aws_iam_role","__v":0,"priceTemplate":{"parameters":{"region":{"type":"string","default":"us-east-1"}},"resourceOperations":{"getAWSPrice":{"parameter":"${param}"}},"variables":{"param":"(function(){return [{'offercode':'AmazonEC2','productfamily':'Zero+IAMRole'}]})()"},"output":{"priceResponse":"${getAWSPrice}"}}},{"_id":"65324436e7c0c0179f8ac436","id":"TF_aws_cloudwatch_metric_alarm","__v":0,"priceTemplate":{"parameters":{"region":{"type":"string","default":"us-east-1"}},"resourceOperations":{"getAWSPrice":{"parameter":"${param}"}},"variables":{"param":"(function(region){return [{'location':region, 'alarmType': 'Standard', 'offercode':'AmazonCloudWatch', 'productfamily':'Alarm'}]})(${region})"},"output":{"priceResponse":"${getAWSPrice}"}}},{"_id":"65324436e7c0c0179f8ac478","id":"TF_aws_iam_role_policy_attachment","__v":0,"priceTemplate":{"parameters":{"region":{"type":"string","default":"us-east-1"}},"resourceOperations":{"getAWSPrice":{"parameter":"${param}"}},"variables":{"param":"(function(){return [{'offercode':'AmazonEC2','productfamily':'Zero+IAMRolePolicyAttachment'}]})()"},"output":{"priceResponse":"${getAWSPrice}"}}},{"_id":"65324436e7c0c0179f8ac49c","id":"TF_aws_instance","__v":0,"priceTemplate":{"parameters":{"region":{"type":"string","default":"us-east-1"},"instance_type":{"type":"string","default":"m1.small"},"_operatingSystem":{"type":"string","config":"ami","default":"Linux"},"tenancy":{"type":"string","default":"default"},"credit_specification":{"type":"string","default":"standard"},"root_block_device":{"type":"object","default":[{"volume_type":"gp2","volume_size":"8","iops":"0"}]}},"resourceOperations":{"getAWSPrice":{"parameter":"${param}"}},"variables":{"unlimitedInstance":"function(credit_specification){ if(credit_specification =='unlimited') {return 'T2'}else{return 'NA'}}(${credit_specification})","volumeType":"function(root_block_device){ let type = root_block_device[0].volume_type; if(type =='standard') {return 'Magnetic'} else if(type =='io1' || type=='io2') {return 'Provisioned IOPS'} else if(type=='' || type =='gp2' || type =='gp3') {return 'General Purpose'} else if(type =='sc1') {return 'Cold HDD'} else if(type =='st1') {return 'Throughput Optimized HDD'}}(${root_block_device})","param":"(function(region, instance_type, _operatingSystem, tenancy, unlimitedInstance, volumeType,root_block_device){let type = root_block_device[0].volume_type; let size=root_block_device[0].volume_size; let ebsDesc = (type === 'standard') ? volumeType : volumeType + ', ' + type; ebsDesc = ebsDesc + ' (EBS)'; return [{'location':region,'operatingSystem':_operatingSystem,'instance':unlimitedInstance,'offercode':'AmazonEC2','productfamily':'CPU+Credits'},{'location':region,'instanceType':instance_type,'licenseModel':'No License required','operatingSystem':_operatingSystem,'preInstalledSw':'NA','tenancy':tenancy,'capacityStatus':'Used','offercode':'AmazonEC2','productfamily':'Compute+Instance'}, {'location':region,'volumeType':volumeType,'volumeApiName':type,'offercode':'AmazonEC2','productfamily':'Storage', '_quantity':size, '_description': ebsDesc}]})(${region}, ${instance_type}, ${_operatingSystem}, ${tenancy}, ${unlimitedInstance}, ${volumeType}, ${root_block_device})"},"output":{"priceResponse":"${getAWSPrice}"}}},{"_id":"65324436e7c0c0179f8ac4b1","id":"TF_aws_internet_gateway","__v":0,"priceTemplate":{"parameters":{"region":{"type":"string","default":"us-east-1"}},"resourceOperations":{"getAWSPrice":{"parameter":"${param}"}},"variables":{"param":"(function(){return [{'offercode':'AmazonEC2','productfamily':'Zero+InternetGateway'}]})()"},"output":{"priceResponse":"${getAWSPrice}"}}},{"_id":"65324436e7c0c0179f8ac4c4","id":"TF_aws_key_pair","__v":0,"priceTemplate":{"parameters":{"region":{"type":"string","default":"us-east-1"}},"resourceOperations":{"getAWSPrice":{"parameter":"${param}"}},"variables":{"param":"(function(){return [{'offercode':'AmazonEC2','productfamily':'Zero+KeyPair'}]})()"},"output":{"priceResponse":"${getAWSPrice}"}}},{"_id":"65324436e7c0c0179f8ac4c8","id":"TF_aws_cloudfront_distribution","__v":0,"priceTemplate":{"parameters":{"price_class":{"type":"string","default":"PriceClass_All"},"ssl_support_method":{"type":"string","default":"sni-only"},"viewer_protocol_policy":{"type":"string","default":"allow-all"}},"resourceOperations":{"getAWSPrice":{"parameter":"${param}"}},"variables":{"param":"(function(price_class,ssl_support_method,viewer_protocol_policy){return [{'priceClass':price_class,'transferType':'CloudFront Outbound','offercode':'AmazonCloudFront','productfamily':'Data+Transfer'},{'sslSupportMethod':ssl_support_method,'offercode':'AmazonCloudFront','productfamily':'Fee'},{'priceClass':price_class,'viewerProtocolPolicy':viewer_protocol_policy,'offercode':'AmazonCloudFront','productfamily':'Request'}]})(${price_class},${ssl_support_method},${viewer_protocol_policy})"},"output":{"priceResponse":"${getAWSPrice}"}}},{"_id":"65324436e7c0c0179f8ac4de","id":"TF_aws_nat_gateway","__v":0,"priceTemplate":{"parameters":{"region":{"type":"string","default":"us-east-1"}},"resourceOperations":{"getAWSPrice":{"parameter":"${param}"}},"variables":{"param":"(function(region){return [{'location':region,'offercode':'AmazonEC2','productfamily':'NAT+Gateway','groupDescription': 'Hourly charge for NAT Gateways', '_description': '(Gateway usage)'}, {'location':region,'offercode':'AmazonEC2','productfamily':'NAT+Gateway','groupDescription': 'Charge for per GB data processed by NatGateways', '_description': '(Gateway data processing)'}]})(${region})"},"output":{"priceResponse":"${getAWSPrice}"}}},{"_id":"65324436e7c0c0179f8ac4ee","id":"TF_aws_network_interface","__v":0,"priceTemplate":{"parameters":{"region":{"type":"string","default":"us-east-1"}},"resourceOperations":{"getAWSPrice":{"parameter":"${param}"}},"variables":{"param":"(function(){return [{'offercode':'AmazonEC2','productfamily':'Zero+NetworkInterface'}]})()"},"output":{"priceResponse":"${getAWSPrice}"}}},{"_id":"65324436e7c0c0179f8ac51c","id":"TF_aws_resourcegroups_group","__v":0,"priceTemplate":{"parameters":{"region":{"type":"string","default":"us-east-1"}},"resourceOperations":{"getAWSPrice":{"parameter":"${param}"}},"variables":{"param":"(function(){return [{'offercode':'AmazonEC2','productfamily':'Zero+ResourceGroups'}]})()"},"output":{"priceResponse":"${getAWSPrice}"}}},{"_id":"65324436e7c0c0179f8ac55c","id":"TF_aws_route","__v":0,"priceTemplate":{"parameters":{"region":{"type":"string","default":"us-east-1"}},"resourceOperations":{"getAWSPrice":{"parameter":"${param}"}},"variables":{"param":"(function(){return [{'offercode':'AmazonEC2','productfamily':'Zero+Route'}]})()"},"output":{"priceResponse":"${getAWSPrice}"}}},{"_id":"65324436e7c0c0179f8ac57e","id":"TF_aws_route_table","__v":0,"priceTemplate":{"parameters":{"region":{"type":"string","default":"us-east-1"}},"resourceOperations":{"getAWSPrice":{"parameter":"${param}"}},"variables":{"param":"(function(){return [{'offercode':'AmazonEC2','productfamily':'Zero+RouteTable'}]})()"},"output":{"priceResponse":"${getAWSPrice}"}}},{"_id":"65324436e7c0c0179f8ac5a2","id":"TF_aws_route_table_association","__v":0,"priceTemplate":{"parameters":{"region":{"type":"string","default":"us-east-1"}},"resourceOperations":{"getAWSPrice":{"parameter":"${param}"}},"variables":{"param":"(function(){return [{'offercode':'AmazonEC2','productfamily':'Zero+RouteTableAssociation'}]})()"},"output":{"priceResponse":"${getAWSPrice}"}}},{"_id":"65324436e7c0c0179f8ac5b8","id":"TF_aws_security_group","__v":0,"priceTemplate":{"parameters":{"region":{"type":"string","default":"us-east-1"}},"resourceOperations":{"getAWSPrice":{"parameter":"${param}"}},"variables":{"param":"(function(){return [{'offercode':'AmazonEC2','productfamily':'Zero+SecurityGroup'}]})()"},"output":{"priceResponse":"${getAWSPrice}"}}},{"_id":"65324436e7c0c0179f8ac5c9","id":"TF_aws_security_group_rule","__v":0,"priceTemplate":{"parameters":{"region":{"type":"string","default":"us-east-1"}},"resourceOperations":{"getAWSPrice":{"parameter":"${param}"}},"variables":{"param":"(function(){return [{'offercode':'AmazonEC2','productfamily':'Zero+SecurityGroupRule'}]})()"},"output":{"priceResponse":"${getAWSPrice}"}}},{"_id":"65324436e7c0c0179f8ac60a","id":"TF_aws_subnet","__v":0,"priceTemplate":{"parameters":{"region":{"type":"string","default":"us-east-1"}},"resourceOperations":{"getAWSPrice":{"parameter":"${param}"}},"variables":{"param":"(function(){return [{'offercode':'AmazonEC2','productfamily':'Zero+Subnet'}]})()"},"output":{"priceResponse":"${getAWSPrice}"}}},{"_id":"65324436e7c0c0179f8ac61e","id":"TF_aws_volume_attachment","__v":0,"priceTemplate":{"parameters":{"region":{"type":"string","default":"us-east-1"}},"resourceOperations":{"getAWSPrice":{"parameter":"${param}"}},"variables":{"param":"(function(){return [{'offercode':'AmazonEC2','productfamily':'Zero+VolumeAttachment'}]})()"},"output":{"priceResponse":"${getAWSPrice}"}}},{"_id":"65324436e7c0c0179f8ac63d","id":"TF_aws_vpc","__v":0,"priceTemplate":{"parameters":{"region":{"type":"string","default":"us-east-1"}},"resourceOperations":{"getAWSPrice":{"parameter":"${param}"}},"variables":{"param":"(function(){return [{'offercode':'AmazonEC2','productfamily':'Zero+VPC'}]})()"},"output":{"priceResponse":"${getAWSPrice}"}}},{"_id":"65324436e7c0c0179f8ac655","id":"TF_aws_vpc_endpoint","__v":0,"priceTemplate":{"parameters":{"region":{"type":"string","default":"us-east-1"},"vpc_endpoint_type":{"type":"string","default":"Gateway"}},"resourceOperations":{"getAWSPrice":{"parameter":"${param}"}},"variables":{"hourlyChargeDesc":"function(vpc_endpoint_type){ if(vpc_endpoint_type == 'Interface') {return 'Hourly charge for VPC Endpoints'} else {return 'Hourly charge for AWS Gateway Load Balancer VPC Endpoint'}}(${vpc_endpoint_type})","dataProcessedChargeDesc":"function(vpc_endpoint_type){ if(vpc_endpoint_type == 'Interface') {return 'Charge for per GB data processed by VPC Endpoints'} else {return 'Charge for per GB data processed by AWS Gateway Load Balancer VPC Endpoint'}}(${vpc_endpoint_type})","param":"(function(region,hourlyChargeDesc,dataProcessedChargeDesc){return [{'location':region,'offercode':'AmazonVPC','productfamily':'VpcEndpoint','groupDescription':hourlyChargeDesc,'_description': '(Interface)'},{'location':region,'offercode':'AmazonVPC','productfamily':'VpcEndpoint','groupDescription':dataProcessedChargeDesc, '_description': '(Data processing)'}]})(${region},${hourlyChargeDesc},${dataProcessedChargeDesc})"},"output":{"priceResponse":"${getAWSPrice}"}}}]