[{"_id":"9f2c2399-5b9b-4b3a-9dce-31e3c886a9bb","id":"9f2c2399-5b9b-4b3a-9dce-31e3c886a9bb","__v":0,"apiDocVersion":"v3","config":[],"configGroups":[],"configsWithContextValues":[],"description":"<Please add description of service>","descriptionHTML":"http://please-specify-providerurl-here","entitledOrganizations":[],"facets":[],"features":[{"shortDesc":"<Features>","description":["<Please provide features for service>"]}],"isEditable":true,"labels":[],"multiQuantity":{"enabled":false,"limit":1},"name":"learn-terraform-provision-eks-cluster","outputParams":[{"paramName":"cluster_endpoint","paramValue":"${module.eks.cluster_endpoint}","description":"Endpoint for EKS control plane","datatype":"","uitype":"","sensitive":false},{"paramName":"cluster_security_group_id","paramValue":"${module.eks.cluster_security_group_id}","description":"Security group ids attached to the cluster control plane","datatype":"","uitype":"","sensitive":false},{"paramName":"region","paramValue":"${var.region}","description":"AWS region","datatype":"","uitype":"","sensitive":false},{"paramName":"cluster_name","paramValue":"${module.eks.cluster_name}","description":"Kubernetes Cluster Name","datatype":"","uitype":"","sensitive":false}],"provider":{"name":"Amazon","code":"aws"},"providerContentImportId":"6a2624ec-7463-11ee-ba53-52e292a3cd54","resourceTypes":[],"serviceCategory":[],"serviceCategoryId":["other"],"serviceDetails":"<Please provide service details>","serviceType":"serviceOffering","status":"DRAFT","technologyCode":"terraform","technologyName":"Terraform","updatedAt":"2023-10-27T00:55:02.503Z","version":0}]