[
    {
        "serviceOfferingId": "k8s_custom",
        "id": "k8s_custom",
        "name": "Update K8s Version",
        "providerCode": "democloud",
        "providerName": "Demo Cloud",
        "version": "1.0.0",
        "isOrderRequired": true,
        "isOrderLifeCycleRequired": true,
        "isPricingEnabled": false,
        "isConfigurationEnabled": true,
        "serviceType": "ServiceOperation",
        "associatedTo": {
            "providerSOCTypeIds": [
              "democloud_k8s"
            ],
            "type": "SOC",
            "preRequisiteStates": [
              {
                "providerSOCTypeId": "democloud_k8s",
                "state": [
                  "Active"
                ]
              }
            ]
          },
        "context": {
            "org": ["org_all"]
        },
        "isCustom": true,
        "operationTimeout": 0,
        "operationCode": "k8s_custom_op"
    }
]