{
    "configGroup": [{
      "configGroupName": "Kubernetes Configuration",
      "configGroupCode": "Kubernetes Configuration",
      "configGroupSequence": 0,
      "configs": [{
          "errorMessage": "",
          "description": "Enter k8s version",
          "sequence": 0,
          "default": {
          },
          "isRequired": false,
          "binding": "k8sversion",
          "configId": "k8sversion",
          "configGroupName": "Enter k8s Verision",
          "configGroupSequence": 0,
          "inputType": "freetext",
          "configName": "Enter k8s version",
          "minSize": 0,
          "maxSize": 0,
          "validation": "",
          "derives": []
        }
      ]
    }]
  }