{
  "configGroup": [
    {
      "configGroupName": "Postgresql Parameters",
      "configGroupCode": "group1",
      "configGroupSequence": 1,
      "configs": [
        {
          "configId": "postgresqlservername",
          "isRequired": true,
          "configName": "Postgresql Name",
          "description": "Enter the Postgresql name",
          "inputType": "freetext",
          "sequence": 1,
          "errorMessage": "Server Name must be in between 3-63 characters. It must only contains lowercase letters, numbers, hyphens and must not start & end in a hyphen. Server name must be available.",
          "validation": "^(?!-)[a-z0-9-]{3,63}(?<!-)$",
          "derives": [],
          "values": []
        },
        {
          "configId": "location",
          "isRequired": true,
          "configName": "Postgresql Location",
          "description": "Select Postgresql location",
          "inputType": "selectOne",
          "sequence": 2,
          "derives": [],
          "default": {
            "valueId": "eastus",
            "label": "East US"
          },
          "values": [
            {
              "valueId": "eastus",
              "label": "East US"
            },
            {
              "valueId": "eastasia",
              "label": "East Asia"
            },
            {
              "valueId": "southaustralia",
              "label": "South Australia"
            },
            {
              "valueId": "westus",
              "label": "West US"
            }
          ]
        },
        {
          "configId": "dbInstanceSize",
          "isRequired": true,
          "configName": "DB Instance Size",
          "description": "Select DB Instance Size from list",
          "inputType": "selectOne",
          "sequence": 3,
          "derives": [],
          "default": {
            "valueId": "2cpu8gb",
            "label": "2CPU, 8 GiB RAM"
          },
          "values": [
            {
              "valueId": "2cpu8gb",
              "label": "2CPU, 8 GiB RAM"
            },
            {
              "valueId": "4cpu16gb",
              "label": "4CPU, 16 GiB RAM "
            },
            {
              "valueId": "8cpu32gb",
              "label": "8CPU, 32 GiB RAM"
            }
          ]
        },
        {
          "configId": "storage",
          "isRequired": true,
          "configName": "Storage",
          "description": "Select storage size",
          "inputType": "selectOne",
          "sequence": 4,
          "derives": [],
          "default": {
            "valueId": "16",
            "label": "16"
          },
          "values": [
            {
              "valueId": "16",
              "label": "16"
            },
            {
              "valueId": "64",
              "label": "64"
            },
            {
              "valueId": "128",
              "label": "128"
            },
            {
              "valueId": "256",
              "label": "256"
            }
          ]
        }
      ]
    }
  ],
  "isExternalConfiguration": false,
  "externalConfigurationUrl": "",
  "basicAuthInfo": "Basic Abcd"
}