{
  "prices":[{
    "configId": "dbInstanceSize",
    "quantity": 1,
    "oneTimeCharge": 0,
    "description": "DB Instance Size Price",
    "usageCharge": {
        "frequency": {
            "code": "HR",
            "value": 1
        }, 
        "uom": {
            "code": "CPU & RAM",
            "value": 1
        },
        "value": 1
    }
},
{
    "configId": "storage",
    "quantity": 1,
    "oneTimeCharge": 0,
    "description": "Storage Price",
    "usageCharge": {
        "frequency": {
            "code": "HR",
            "value": 1
        },
        "uom": {
            "code": "GiB",
            "value": 1
        },
        "value": 0.01
    }
}
],
  "currencyCode": "USD",
  "isExternalPricing": false,
  "serviceOfferingId": "democloud_postgresql",
  "basicAuthInfo": "Basic Abcd"
}