{
  "serviceOfferings": [
    {
      "status": "DRAFT",
      "multiQuantity": {
        "enabled": true,
        "limit": 5
      },
      "description": "PostgreSQL is a relational database service in the Demo cloud built for developers. It's a fully managed database-as-a-service offering that can handle mission-critical workloads with expected performance, security, high availability, and effective scalability.",
      "serviceDetails": "PostgreSQL is a relational database service in the Demo cloud built for developers. It's a fully managed database-as-a-service offering that can handle mission-critical workloads with expected performance, security, high availability, and effective scalability.",
      "features": [
        {
          "shortDesc": "",
          "description": [
            "Built-in high availability with no additional cost",
            "Vertical scale as needed within seconds",
            "Expected performance"
          ]
        }
      ],
      "basePrice": {
        "oneTimeCharge": 0,
        "currencyCode": "USD",
        "description": "This will be the minimum charge ever for this service",
        "recurringCharge": {
          "frequency": {
            "code": "HR",
            "value": 0
          },
          "value": 1.16
        }
      },
      "serviceCategory": [
        {
          "id": "databases",
          "name": "Databases",
          "description": "Databases"
        }
      ],
      "serviceOfferingId": "democloud_postgresql",
      "name": "PostgreSQL"
    }
  ]
}