{
  "configGroup": [
    {
      "configGroupName": "Virtual Machine Parameters",
      "configGroupCode": "group1",
      "configGroupSequence": 1,
      "configs": [
        {
          "configId": "virtualmachinename",
          "isRequired": true,
          "configName": "Virtual Machine Name",
          "description": "Virtual Machine Name can contain letters, numbers or hyphens. Characters range should be between 1 to 61.",
          "inputType": "freetext",
          "sequence": 1,
          "errorMessage": "Virtual Machine Name can contain letters, numbers or hyphens.It should not contain only numbers. Characters range should be between 1 to 61.",
          "validation": "(?!^[0-9]*$)((^[a-zA-Z0-9-]([a-zA-Z0-9-]{0,59}[a-zA-Z0-9-])?)$)",
          "derives": [],
          "values": []
        },
        {
          "configId": "location",
          "isRequired": true,
          "configName": "Virtual Machine Location",
          "description": "select virtual machine location",
          "inputType": "selectOne",
          "sequence": 2,
          "derives": [],
          "default": {
            "valueId": "eastus",
            "label": "East US"
          },
          "values": [
            {
              "valueId": "eastus",
              "label": "East US"
            },
            {
              "valueId": "eastasia",
              "label": "East Asia"
            },
            {
              "valueId": "southaustralia",
              "label": "South Australia"
            },
            {
              "valueId": "westus",
              "label": "West US"
            }
          ]
        },
        {
          "configId": "cpu",
          "isRequired": true,
          "configName": "CPU",
          "description": "select CPU count",
          "inputType": "selectOne",
          "sequence": 3,
          "errorMessage": "must be a string",
          "validation": "",
          "derives": [],
          "default": {
            "valueId": "1",
            "label": "1"
          },
          "values": [
            {
              "valueId": "1",
              "label": "1"
            },
            {
              "valueId": "2",
              "label": "2"
            },
            {
              "valueId": "4",
              "label": "4"
            },
            {
              "valueId": "8",
              "label": "8"
            }
          ]
        },
        {
          "configId": "memory",
          "isRequired": true,
          "configName": "Memory",
          "description": "select memory size",
          "inputType": "selectOne",
          "sequence": 4,
          "errorMessage": "must be a string",
          "validation": "",
          "derives": [],
          "default": {
            "valueId": "4",
            "label": "4"
          },
          "values": [
            {
              "valueId": "4",
              "label": "4"
            },
            {
              "valueId": "8",
              "label": "8"
            },
            {
              "valueId": "16",
              "label": "16"
            },
            {
              "valueId": "32",
              "label": "32"
            }
          ]
        },
        {
          "configId": "disk",
          "isRequired": true,
          "configName": "disk",
          "description": "Enter disk size",
          "inputType": "selectOne",
          "sequence": 5,
          "derives": [],
          "default": {
            "valueId": "16",
            "label": "16"
          },
          "values": [
            {
              "valueId": "16",
              "label": "16"
            },
            {
              "valueId": "64",
              "label": "64"
            },
            {
              "valueId": "128",
              "label": "128"
            },
            {
              "valueId": "256",
              "label": "256"
            }
          ]
        },
        {
          "configId": "machineType",
          "isRequired": true,
          "configName": "Machine Type",
          "description": "Select Machine Type",
          "inputType": "selectOne",
          "sequence": 5,
          "derives": [],
          "default": {
            "valueId": "Linux",
            "label": "Linux"
          },
          "values": [
            {
              "valueId": "Linux",
              "label": "Linux"
            }
          ]
        },
        {
          "configId": "database",
          "isRequired": true,
          "configName": "Database",
          "description": "Select Database",
          "inputType": "selectOne",
          "sequence": 6,
          "derives": [],
          "default": {
            "valueId": "MySQL v8.0",
            "label": "MySQL v8.0"
          },
          "values": [
            {
              "valueId": "MySQL v8.0",
              "label": "MySQL v8.0"
            }
          ]
        },
        {
          "configId": "webserver",
          "isRequired": true,
          "configName": "Web Server",
          "description": "Select Web Server",
          "inputType": "selectOne",
          "sequence": 7,
          "derives": [],
          "default": {
            "valueId": "Apache v2.4",
            "label": "Apache v2.4"
          },
          "values": [
            {
              "valueId": "Apache v2.4",
              "label": "Apache v2.4"
            }
          ]
        }
      ]
    }
  ],
  "isExternalConfiguration": false,
  "externalConfigurationUrl": "",
  "basicAuthInfo": "Basic Abcd"
}