{
  "prices":[{
    "configId": "cpu",
    "quantity": 1,
    "oneTimeCharge": 0,
    "description": "CPU Price",
    "usageCharge": {
        "frequency": {
            "code": "HR",
            "value": 1
        },
        "uom": {
            "code": "CPU",
            "value": 1
        },
        "value": 1
    }
},
{
    "configId": "memory",
    "quantity": 1,
    "oneTimeCharge": 0,
    "description": "Memory Price",
    "usageCharge": {
        "frequency": {
            "code": "HR",
            "value": 1
        },
        "uom": {
            "code": "Memory",
            "value": 1
        },
        "value": 0.1
    }
},
{
    "configId": "disk",
    "quantity": 1,
    "oneTimeCharge": 0,
    "description": "Disk Price",
    "usageCharge": {
        "frequency": {
            "code": "HR",
            "value": 1
        },
        "uom": {
            "code": "Disk",
            "value": 1
        },
        "value": 0.01
    }
}
],
  "currencyCode": "USD",
  "isExternalPricing": false,
  "serviceOfferingId": "democloud_lamp_stack",
  "basicAuthInfo": "Basic Abcd"
}