{
  "serviceOfferings": [
    {
      "status": "DRAFT",
      "multiQuantity": {
        "enabled": true,
        "limit": 5
      },
      "description": "Lamp stack uses the Demo Cloud Linux CustomScript extension to deploy an application on Ubuntu. It creates an Ubuntu VM, does a silent install of MySQL, Apache and PHP, then creates a simple PHP script. After creation Go to http:// to see the deployed page",
      "serviceDetails": "Lamp stack uses the Demo Cloud Linux CustomScript extension to deploy an application on Ubuntu. It creates an Ubuntu VM, does a silent install of MySQL, Apache and PHP, then creates a simple PHP script. After creation Go to http:// to see the deployed page",
      "features": [
        {
          "shortDesc": "",
          "description": [
            "Combination of four software layers: PHP, Apache, MySQL, Linux",
            "Highly scalable",
            "SSL support",
            "PHP support for Apache 2 and MySQL",
            "Manageable with every popular language",
            "Decrease development time with community support"
          ]
        }
      ],
      "basePrice": {
        "oneTimeCharge": 0,
        "currencyCode": "USD",
        "description": "This will be the minimum charge ever for this service",
        "recurringCharge": {
          "frequency": {
            "code": "HR",
            "value": 0
          },
          "value": 1.56
        }
      },
      "serviceCategory": [
        {
          "id": "compute",
          "name": "Compute",
          "description": "Compute"
        }
      ],
      "serviceOfferingId": "democloud_lamp_stack",
      "name": "LAMP Stack On Demo Cloud"
    }
  ]
}