[
    {
        "serviceOfferingId": "poweroff",
        "id": "poweroff",
        "name": "Power Off",
        "providerCode": "democloud",
        "providerName": "democloud",
        "version": "1.0.0",
        "isOrderRequired": true,
        "isOrderLifeCycleRequired": true,
        "isPricingEnabled": false,
        "isConfigurationEnabled": false,
        "serviceType": "ServiceOperation",
        "associatedTo": {
            "providerSOCTypeIds": [
                "democloud_vm"
            ],
            "type": "SOC"
        },
        "context": {
            "organization": ["org_all"]
        },
        "isCustom": false,
        "operationTimeout": 0,
        "operationCode": "power_off_op"
    }
]