{
  "configGroup": [
    {
      "configGroupName": "Kubernetes Parameters",
      "configGroupCode": "group1",
      "configGroupSequence": 1,
      "configs": [
        {
          "configId": "k8sname",
          "isRequired": true,
          "configName": "Cluster Name",
          "description": "Enter the Kubernetes cluster name",
          "inputType": "freetext",
          "sequence": 1,
          "errorMessage": "Cluster name should be unique, must start with letter, end with a letter or number and can contain only letters, numbers and hyphens. Characters range should be 6-50",
          "validation": "^[a-zA-Z]([-]?[a-zA-Z0-9]+)*$",
          "derives": [],
          "values": []
        },
        {
          "configId": "location",
          "isRequired": true,
          "configName": "Cluster Location",
          "description": "select Kubernetes cluster location",
          "inputType": "selectOne",
          "sequence": 2,
          "derives": [],
          "default": {
            "valueId": "eastus",
            "label": "East US"
          },
          "values": [
            {
              "valueId": "eastus",
              "label": "East US"
            },
            {
              "valueId": "eastasia",
              "label": "East Asia"
            },
            {
              "valueId": "southaustralia",
              "label": "South Australia"
            },
            {
              "valueId": "westus",
              "label": "West US"
            }
          ]
        },
        {
          "configId": "masternodecount",
          "isRequired": true,
          "configName": "Number of master nodes",
          "description": "Select Kubernetes cluster number of master nodes",
          "inputType": "selectOne",
          "sequence": 3,
          "derives": [],
          "default": {
            "valueId": "1",
            "label": "1"
          },
          "values": [
            {
              "valueId": "1",
              "label": "1"
            },
            {
              "valueId": "2",
              "label": "2"
            }]
        },
        {
          "configId": "workernodecount",
          "isRequired": true,
          "configName": "Number of worker nodes",
          "description": "Select Kubernetes cluster number of worker nodes",
          "inputType": "selectOne",
          "sequence": 3,
          "derives": [],
          "default": {
            "valueId": "1",
            "label": "1"
          },
          "values": [
            {
              "valueId": "1",
              "label": "1"
            },
            {
              "valueId": "2",
              "label": "2"
            },
            {
              "valueId": "3",
              "label": "3"
            },
            {
              "valueId": "4",
              "label": "4"
            }
          ]
        },
        {
          "configId": "k8sversion",
          "isRequired": true,
          "configName": "Version",
          "description": "Select kubernetes cluster version",
          "inputType": "selectOne",
          "sequence": 3,
          "derives": [],
          "default": {
            "valueId": "1.5",
            "label": "1.5"
          },
          "values": [
            {
              "valueId": "1.5",
              "label": "1.5"
            },
            {
              "valueId": "1.6",
              "label": "1.6"
            },
            {
              "valueId": "1.7",
              "label": "1.7"
            },
            {
              "valueId": "1.8",
              "label": "1.8"
            }
          ]
        }
      ]
    }
  ],
  "isExternalConfiguration": false,
  "externalConfigurationUrl": "",
  "basicAuthInfo": "Basic Abcd"
}