{
  "prices": [
    {
      "configId": "masternodecount",
      "quantity": 1,
      "oneTimeCharge": 0,
      "description": "Master Node Price",
      "usageCharge": {
        "frequency": {
          "code": "HR",
          "value": 1
        },
        "uom": {
          "code": "Master Node",
          "value": 1
        },
        "value": 1
      }
    },
    {
      "configId": "workernodecount",
      "quantity": 1,
      "oneTimeCharge": 0,
      "description": "Worker Node Price",
      "usageCharge": {
        "frequency": {
          "code": "HR",
          "value": 1
        },
        "uom": {
          "code": "Worker Node",
          "value": 1
        },
        "value": 1
      }
    }
  ],
  "currencyCode": "USD",
  "isExternalPricing": false,
  "serviceOfferingId": "democloud_k8s",
  "basicAuthInfo": "Basic Abcd"
}