{
  "serviceOfferings": [
    {
      "status": "DRAFT",
      "multiQuantity": {
        "enabled": true,
        "limit": 5
      },
      "description": "Kubernetes Service performs it easy to deploy a managed Kubernetes cluster in Demo CLoud. K8s decreases the complexity and operational expenses of managing Kubernetes. As a hosted Kubernetes service, Demo cloud manages important tasks like health monitoring and maintenance for you.",
      "serviceDetails": "Kubernetes Service performs it easy to deploy a managed Kubernetes cluster in Demo CLoud. K8s decreases the complexity and operational expenses of managing Kubernetes. As a hosted Kubernetes service, Demo cloud manages important tasks like health monitoring and maintenance for you.",
      "features": [
        {
          "shortDesc": "",
          "description": [
            "Simple user experience",
            "Automated upgrades",
            "Secure cluster"
          ]
        }
      ],
      "basePrice": {
        "oneTimeCharge": 0,
        "currencyCode": "USD",
        "description": "This will be the minimum charge ever for this service",
        "recurringCharge": {
          "frequency": {
            "code": "HR",
            "value": 0
          },
          "value": 2
        }
      },
      "serviceCategory": [
        {
          "id": "containers",
          "name": "Containers",
          "description": "Containers"
        }
      ],
      "serviceOfferingId": "democloud_k8s",
      "name": "Kubernetes"
    }
  ]
}