{
  "icbCatalogRepository": [
    {
      "provider": {
        "contentProvider": "github",
        "targetProvider": "vsphere"
      },
      "sourcePath": "/",
      "providerOfferingTypes": [
        "iaas"
      ],
      "serviceOfferings": [],
      "operations": [],
      "actions": [
        {
          "definition": "add_new_disk_ansible/action-definition.json",
          "templateFile": "add_new_disk_ansible/action-template.json",
          "configurationFile" : "add_new_disk_ansible/action-configuration.json"
        },
        {
          "definition": "remove_disk_ansible/action-definition.json",
          "templateFile": "remove_disk_ansible/action-template.json",
          "configurationFile" : "remove_disk_ansible/action-configuration.json"
        }
      ]
    }
  ]
}
