[{
	"actionConfigParams": false,
	"actionDefinitionId": "azure_linux_vm_terminate",
	"actionDefinitionVersion": {
		"id": "1.0.1.0",
		"label": "1.0.1.0"
	},
	"actionDefinitionVersionNotes": "htmlContent",
	"actionDefinitionDisplayLabel": "Terminate",
	"actionType": "deprovision",
	"approvalStepRequired": false,
	"associatedTo": {
		"resourceFamilies": [{
			"resourceFamily": "virtualMachines"
		},
		{
			"resourceFamily": "Microsoft.Compute/virtualMachines"
		}
	]
	},
	"context": {
		"organization": [
			"org_all"
		]
  },
  "costImpact": false,
  "description": "Terminate Virtual Machines",
  "mcmpApplication": [
      "mcmp:common-discovery:service",
    "mcmp:aiops:service",
    "mcmp:consume:service",
	"mcmp:insights:service"
  ],
  "provider": {
		"contentProvider": "github",
		"targetProvider": "azure"
	},	
  "fulfilmentRoutingKey": "engine",
  "status": "PUBLISHED",
  "systemConfigs": null,
  "serviceType": "action",
  "actionDefinitionRetriableTTL": "1440",
  "isRetriable" : "true"
}]
