{
	"icbCatalogRepository": [{
		"provider": {
			"contentProvider": "github",
			"targetProvider": "azure"
		},
		"sourcePath": "/",
		"providerOfferingTypes": [
			"iaas"
		],
		"serviceOfferings": [],
		"operations": [],
		"actions": 
		[{
			"definition": "power_off_ansible_linux/action-definition.json",
			"templateFile": "power_off_ansible_linux/action-template.json"
		  },
		  {
			"definition": "power_on_ansible_linux/action-definition.json",
			"templateFile": "power_on_ansible_linux/action-template.json"
		  },
		  {
		    "definition": "power_restart_ansible_linux/action-definition.json",
		    "templateFile": "power_restart_ansible_linux/action-template.json"
		  },
		  {
			"definition": "terminate_ansible_linux/action-definition.json",
			"templateFile": "terminate_ansible_linux/action-template.json"
		  }

		]
	}]
}