{
    "icbCatalogRepository": [
        {
            "providerCode": "democloud",
            "providerName": "Demo Cloud",
            "discoverContent": true,
            "enableVersion": true,
            "sourcePath": "/",
            "providerOfferingTypes": [
                "iaas"
            ],
            "serviceOfferings": [
                {
                    "serviceOfferingFile": "services/Containers/Kubernetes/serviceOffering.json",
                    "configurationFile": "services/Containers/Kubernetes/configurations.json",
                    "pricingFile": "services/Containers/Kubernetes/pricing.json",
                    "serviceImageFile": "services/Containers/Kubernetes/cloud.png",
                    "templateFile": "services/Containers/Kubernetes/template.json"
                },
                {
                    "serviceOfferingFile": "services/Compute/VM/serviceOffering.json",
                    "configurationFile": "services/Compute/VM/configurations.json",
                    "pricingFile": "services/Compute/VM/pricing.json",
                    "serviceImageFile": "services/Compute/VM/cloud.png",
                    "templateFile": "services/Compute/VM/template.json"
                },
                {
                    "serviceOfferingFile": "services/Compute/LAMP/serviceOffering.json",
                    "configurationFile": "services/Compute/LAMP/configurations.json",
                    "pricingFile": "services/Compute/LAMP/pricing.json",
                    "serviceImageFile": "services/Compute/LAMP/cloud.png",
                    "templateFile": "services/Compute/LAMP/template.json"
                },
                {
                    "serviceOfferingFile": "services/Database/Postgresql/serviceOffering.json",
                    "configurationFile": "services/Database/Postgresql/configurations.json",
                    "pricingFile": "services/Database/Postgresql/pricing.json",
                    "serviceImageFile": "services/Database/Postgresql/cloud.png",
                    "templateFile": "services/Database/Postgresql/template.json"
                }
            ],
            "operations": [
                {
                    "definition": "standard_operations/vm_reboot/operation-definition.json",
                    "configurationFile": "standard_operations/vm_reboot/operation-config.json",
                    "templateFile": "standard_operations/vm_reboot/operation-template.json"
                },
                {
                    "definition": "standard_operations/vm_poweron/operation-definition.json",
                    "configurationFile": "standard_operations/vm_poweron/operation-config.json",
                    "templateFile": "standard_operations/vm_poweron/operation-template.json"
                },
                {
                    "definition": "standard_operations/vm_poweroff/operation-definition.json",
                    "configurationFile": "standard_operations/vm_poweroff/operation-config.json",
                    "templateFile": "standard_operations/vm_poweroff/operation-template.json"
                },
                {
                    "definition": "standard_operations/Kubernetes_Custom_Operation/operation-definition.json",
                    "configurationFile": "standard_operations/Kubernetes_Custom_Operation/operation-config.json",
                    "templateFile": "standard_operations/Kubernetes_Custom_Operation/operation-template.json" 
                }
            ]
        }
    ]
}