{
  "configGroup": [
    {
      "configGroupName": "Remove Disk from vSphere virtual machine",
      "configGroupCode": "Remove Disk from vSphere virtual machine",
      "configGroupSequence": 0,
      "visibilityRules": [],
      "configs": [
        {
          "configId": "scsiType",
          "hidden": false,
          "isRequired": true,
          "editable": true,
          "configName": "ScsiType",
          "binding": "scsiType",
          "default": {
            "valueId": "paravirtual",
            "value": "paravirtual",
            "label": "Paravirtual"
          },
          "description": "ScsiType for the disk",
          "dataType": "string",
          "inputType": "selectOne",
          "values": [
            {
              "valueId": "buslogic",
              "value": "buslogic",
              "label": "BUS Logic"
            },
            {
              "valueId": "lsilogic",
              "value": "lsilogic",
              "label": "LSI Logic"
            },
            {
              "valueId": "lsilogicsas",
              "value": "lsilogicsas",
              "label": "LSI Logic SAS"
            },
            {
              "valueId": "paravirtual",
              "value": "paravirtual",
              "label": "Paravirtual"
            }
          ],
          "sequence": 1,
          "errorMessage": "Select one of the values",
          "validation": "",
          "derives": []
        },
        {
          "configId": "scsi_controller",
          "hidden": false,
          "isRequired": true,
          "editable": true,
          "configName": "Scsi Controller",
          "binding": "scsiController",
          "default": {
            "valueId": "",
            "value": "",
            "label": ""
          },
          "description": "SCSI controller of the disk",
          "dataType": "integer",
          "inputType": "freetext",
          "sequence": 2,
          "errorMessage": "Must be a number ranges from 0 to 3",
          "validation": "^[0-3]?$",
          "derives": []
        },
        {
          "configId": "unit_number",
          "hidden": false,
          "isRequired": true,
          "editable": true,
          "configName": "unit Number",
          "binding": "unitNumber",
          "default": {
            "valueId": "",
            "value": "",
            "label": ""
          },
          "description": "The unit number of the disk",
          "dataType": "integer",
          "inputType": "freetext",
          "sequence": 3,
          "errorMessage": "Must be a number ranges from 0 to 15",
          "validation": "^[0-9][0-5]?$",
          "derives": []
        },
        {
          "configId": "datacenterName",
          "hidden": false,
          "isRequired": true,
          "editable": true,
          "configName": "DatacenterName",
          "binding": "datacenterName",
          "default": {
            "valueId": "",
            "value": "",
            "label": ""
          },
          "description": "datacenter Name where the VM is present",
          "dataType": "string",
          "inputType": "freetext",
          "sequence": 4,
          "derives": []
        }
      ]
    }
  ],
  "isExternalConfiguration": false,
  "externalConfigurationUrl": "",
  "basicAuthInfo": "Basic Abcd",
  "actionConfigurationVersion": {
    "id": "1.0.0.0",
    "label": "1.0.0.0"
  }
}