[
    {
      "actionConfigParams": true,
      "actionDefinitionId": "vsphere_vm_remove_disk",
      "actionDefinitionVersion": {
        "id": "1.0.0.0",
        "label": "1.0.0.0"
      },
      "actionDefinitionVersionNotes": "htmlContent",
      "actionDefinitionDisplayLabel": "Remove Disk from vSphere virtual machine",
      "actionType": "configChange",
      "approvalStepRequired": false,
      "associatedTo": {
        "resourceFamilies": [
          {
            "preRequisites": [{
              "key": "status",
              "value": [
                "Off"
              ]
            }],
            "resourceFamily": "vms"
          },
          {
            "preRequisites": [{
              "key": "status",
              "value": [
                "Off"
              ]
            }],
            "resourceFamily": "Infrastructure.Virtual"
          },
          {
            "preRequisites": [{
              "key": "status",
              "value": [
                "Off"
              ]
            }],
            "resourceFamily": "Cloud.vSphere.Machine"
          },
          {
            "preRequisites": [{
              "key": "status",
              "value": [
                "Off"
              ]
            }],
            "resourceFamily": "VirtualMachine"
          }
        ]
      },
      "context": {
        "organization": [
          "org_all"
        ]
      },
      "costImpact": false,
      "description": "Remove disk from vSphere VM",
      "mcmpApplication": [
      "mcmp:common-discovery:service",
        "mcmp:aiops:service"
      ],
      "provider": {
        "contentProvider": "github",
        "targetProvider": "vsphere"
      },
      "routingKey": "engine",
      "status": "PUBLISHED",
      "systemConfigs": null,
      "serviceType": "action",
      "actionDefinitionRetriableTTL": "1440",
      "isRetriable" : "true"
    }
  ]