[{"id":"05c63e3c-71c6-4d02-8e5c-73131d3a24d6","result":{"configGroup":[{"configGroupName":"Configure Region","configGroupCode":"Configure Region","configGroupSequence":0,"configs":[{"configName":"AWS Region","description":"AWS Region","configId":"AWS::Region","binding":"AWS::Region","inputType":"selectOne","sequence":0,"isRequired":true,"hidden":false,"isRequiredForPricing":true,"source":"template","values":[{"valueId":"us-east-1","value":"us-east-1","label":"us-east-1"}]}]},{"configGroupName":"Aws instance ec2","configGroupCode":"Aws instance ec2","configGroupSequence":1,"configs":[{"configName":"Ami","description":"","default":{"valueId":"ami-032930428bf1abbff","value":"ami-032930428bf1abbff","label":"ami-032930428bf1abbff"},"required":true,"binding":"ami","group":"Aws instance ec2","inputType":"freetext","sequence":1,"configGroupSequence":0,"configId":"ami","isRequired":true,"source":"template"},{"configName":"Instancetype","description":"","default":{"valueId":"t2.micro","value":"t2.micro","label":"t2.micro"},"required":true,"binding":"instancetype","group":"Aws instance ec2","inputType":"freetext","sequence":2,"configGroupSequence":0,"configId":"instancetype","isRequired":true,"source":"template"},{"configName":"Tenancy","description":"","default":{"valueId":"default","value":"default","label":"default"},"required":true,"binding":"tenancy","group":"Aws instance ec2","inputType":"freetext","sequence":3,"configGroupSequence":0,"configId":"tenancy","isRequired":true,"source":"template"}]}]}}]