[{"_id":"OS_05c63e3c-71c6-4d02-8e5c-73131d3a24d6","id":"OS_05c63e3c-71c6-4d02-8e5c-73131d3a24d6","serviceId":"05c63e3c-71c6-4d02-8e5c-73131d3a24d6","offer":{"name":"OFFER_OS_05c63e3c-71c6-4d02-8e5c-73131d3a24d6","configValues":[]},"pricingfn":{"resource_path":"fn:getPrice()","params":[]},"price":{"recurringCharge":{"frequency":{"value":0},"value":0},"usageCharge":{"uom":{"value":0},"frequency":{"value":0},"value":0},"oneTimeCharge":0},"basePrice":false,"attributes":[],"__v":0},{"_id":"OS_BASE_05c63e3c-71c6-4d02-8e5c-73131d3a24d6","id":"OS_BASE_05c63e3c-71c6-4d02-8e5c-73131d3a24d6","serviceId":"05c63e3c-71c6-4d02-8e5c-73131d3a24d6","offer":{"name":"OFFER_OS_BASE_05c63e3c-71c6-4d02-8e5c-73131d3a24d6","configValues":[]},"price":{"oneTimeCharge":0,"description":"There is no cost available for this service.","usageCharge":{"uom":{"value":1,"code":"Size"},"frequency":{"value":1,"code":"MONTH"},"value":0},"currencyCode":"USD","recurringCharge":{"frequency":{"value":0},"value":0}},"basePrice":true,"attributes":[],"__v":0}]