[{"_id":"05c63e3c-71c6-4d02-8e5c-73131d3a24d6","id":"05c63e3c-71c6-4d02-8e5c-73131d3a24d6","__v":0,"apiDocVersion":"v3","config":[],"configGroups":[],"configsWithContextValues":[],"description":"<Please add description of service>","descriptionHTML":"http://please-specify-providerurl-here","entitledOrganizations":[],"facets":[],"features":[{"shortDesc":"<Features>","description":["<Please provide features for service>"]}],"isEditable":true,"labels":[],"multiQuantity":{"enabled":false,"limit":1},"name":"ec2 terraform","outputParams":[{"paramName":"sample_op_param","paramValue":"test","description":"","datatype":"","uitype":"","sensitive":true},{"paramName":"instanceid","paramValue":"${aws_instance.ec2.id}","description":"","datatype":"","uitype":"","sensitive":false},{"paramName":"ipaddress","paramValue":"${aws_instance.ec2.public_ip}","description":"","datatype":"","uitype":"","sensitive":false},{"paramName":"attributes","paramValue":"[object Object]","description":"","datatype":"","uitype":"","sensitive":false}],"provider":{"name":"Amazon","code":"aws"},"providerContentImportId":"63e6932e-7462-11ee-bfc9-52e292a3cd54","resourceTypes":[],"serviceCategory":[],"serviceCategoryId":["other"],"serviceDetails":"<Please provide service details>","serviceType":"serviceOffering","status":"DRAFT","technologyCode":"terraform","technologyName":"Terraform","updatedAt":"2023-10-27T00:47:35.833Z","version":0}]