{
  "serviceOfferings": [
    {
      "status": "DRAFT",
      "multiQuantity": {
        "enabled": true,
        "limit": 5
      },
      "description": "Virtual machines (VMs) are available in six different size groupings, each with different storage, memory, and performance features.  Feature availability may depend on region.",
      "serviceDetails": "Virtual machines (VMs) are available in six different size groupings, each with different storage, memory, and performance features.  Feature availability may depend on region.",
      "features": [
        {
          "shortDesc": "",
          "description": [
            "To create fully configured Demo cloud VMs.",
            "To manage and administer templates, network components, disk storage, security, and other features"
          ]
        }
      ],
      "basePrice": {
        "oneTimeCharge": 0,
        "currencyCode": "USD",
        "description": "This will be the minimum charge ever for this service",
        "recurringCharge": {
          "frequency": {
            "code": "HR",
            "value": 0
          },
          "value": 1.56
        }
      },
      "serviceCategory": [
        {
          "id": "compute",
          "name": "Compute",
          "description": "Compute"
        }
      ],
      "serviceOfferingId": "democloud_vm",
      "name": "Virtual Machine"
    }
  ]
}